INFO:     127.0.0.1:63850 - "GET / HTTP/1.1" 200 OK
2026-07-26 12:16:42,756 INFO sqlalchemy.engine.Engine select pg_catalog.version()
2026-07-26 12:16:42,761 INFO sqlalchemy.engine.Engine [raw sql] ()
2026-07-26 12:16:42,765 INFO sqlalchemy.engine.Engine select current_schema()
2026-07-26 12:16:42,767 INFO sqlalchemy.engine.Engine [raw sql] ()
2026-07-26 12:16:42,768 INFO sqlalchemy.engine.Engine show standard_conforming_strings
2026-07-26 12:16:42,768 INFO sqlalchemy.engine.Engine [raw sql] ()
2026-07-26 12:16:42,768 INFO sqlalchemy.engine.Engine BEGIN (implicit)
2026-07-26 12:16:42,797 INFO sqlalchemy.engine.Engine SELECT users.id, users.email, users.full_name, users.hashed_password, users.target_band, users.role, users.current_speaking_level, users.current_listening_level, users.created_at 
FROM users 
WHERE users.email = $1::VARCHAR
2026-07-26 12:16:42,797 INFO sqlalchemy.engine.Engine [generated in 0.00114s] ('admin@iprep.com',)
INFO:     127.0.0.1:56889 - "POST /api/v1/auth/login HTTP/1.1" 200 OK
2026-07-26 12:16:43,087 INFO sqlalchemy.engine.Engine ROLLBACK
2026-07-26 12:17:35,472 INFO sqlalchemy.engine.Engine BEGIN (implicit)
2026-07-26 12:17:35,476 INFO sqlalchemy.engine.Engine SELECT users.id, users.email, users.full_name, users.hashed_password, users.target_band, users.role, users.current_speaking_level, users.current_listening_level, users.created_at 
FROM users 
WHERE users.email = $1::VARCHAR
2026-07-26 12:17:35,476 INFO sqlalchemy.engine.Engine [cached since 52.68s ago] ('admin@iprep.com',)
INFO:     127.0.0.1:53877 - "POST /api/v1/auth/login HTTP/1.1" 200 OK
2026-07-26 12:17:35,717 INFO sqlalchemy.engine.Engine ROLLBACK
INFO:     127.0.0.1:51484 - "GET / HTTP/1.1" 200 OK
INFO:     127.0.0.1:59884 - "OPTIONS /api/v1/auth/login HTTP/1.1" 200 OK
2026-07-26 12:21:27,303 INFO sqlalchemy.engine.Engine BEGIN (implicit)
2026-07-26 12:21:27,304 INFO sqlalchemy.engine.Engine SELECT users.id, users.email, users.full_name, users.hashed_password, users.target_band, users.role, users.current_speaking_level, users.current_listening_level, users.created_at 
FROM users 
WHERE users.email = $1::VARCHAR
2026-07-26 12:21:27,307 INFO sqlalchemy.engine.Engine [cached since 284.5s ago] ('admin@iprep.com',)
INFO:     127.0.0.1:59884 - "POST /api/v1/auth/login HTTP/1.1" 200 OK
2026-07-26 12:21:27,717 INFO sqlalchemy.engine.Engine ROLLBACK
INFO:     127.0.0.1:59884 - "OPTIONS /api/v1/admin/dashboard/stats HTTP/1.1" 200 OK
INFO:     127.0.0.1:50214 - "OPTIONS /api/v1/admin/analytics/overview HTTP/1.1" 200 OK
INFO:     127.0.0.1:59884 - "OPTIONS /api/v1/admin/dashboard/stats HTTP/1.1" 200 OK
INFO:     127.0.0.1:51884 - "OPTIONS /api/v1/admin/analytics/overview HTTP/1.1" 200 OK
2026-07-26 12:21:27,758 INFO sqlalchemy.engine.Engine BEGIN (implicit)
2026-07-26 12:21:27,760 INFO sqlalchemy.engine.Engine SELECT users.id, users.email, users.full_name, users.hashed_password, users.target_band, users.role, users.current_speaking_level, users.current_listening_level, users.created_at 
FROM users 
WHERE users.id = $1::INTEGER
2026-07-26 12:21:27,760 INFO sqlalchemy.engine.Engine [generated in 0.00180s] (3,)
2026-07-26 12:21:27,779 INFO sqlalchemy.engine.Engine SELECT count(users.id) AS count_1 
FROM users 
WHERE users.role = $1::VARCHAR
2026-07-26 12:21:27,781 INFO sqlalchemy.engine.Engine [generated in 0.00282s] ('student',)
2026-07-26 12:21:27,801 INFO sqlalchemy.engine.Engine SELECT count(users.id) AS count_1 
FROM users
2026-07-26 12:21:27,801 INFO sqlalchemy.engine.Engine [generated in 0.00168s] ()
2026-07-26 12:21:27,807 INFO sqlalchemy.engine.Engine SELECT count(study_resources.id) AS count_1 
FROM study_resources
2026-07-26 12:21:27,807 INFO sqlalchemy.engine.Engine [generated in 0.00141s] ()
2026-07-26 12:21:27,817 INFO sqlalchemy.engine.Engine BEGIN (implicit)
2026-07-26 12:21:27,817 INFO sqlalchemy.engine.Engine SELECT users.id, users.email, users.full_name, users.hashed_password, users.target_band, users.role, users.current_speaking_level, users.current_listening_level, users.created_at 
FROM users 
WHERE users.id = $1::INTEGER
2026-07-26 12:21:27,817 INFO sqlalchemy.engine.Engine [cached since 0.06054s ago] (3,)
2026-07-26 12:21:27,824 INFO sqlalchemy.engine.Engine SELECT count(reading_passages.id) AS count_1 
FROM reading_passages
2026-07-26 12:21:27,824 INFO sqlalchemy.engine.Engine [generated in 0.00076s] ()
2026-07-26 12:21:27,837 INFO sqlalchemy.engine.Engine SELECT date(users.created_at) AS date, count(users.id) AS count 
FROM users 
WHERE users.created_at >= $1::TIMESTAMP WITH TIME ZONE GROUP BY date(users.created_at) ORDER BY date(users.created_at)
2026-07-26 12:21:27,837 INFO sqlalchemy.engine.Engine [generated in 0.00149s] (datetime.datetime(2026, 6, 26, 6, 36, 27, 827090),)
2026-07-26 12:21:27,837 INFO sqlalchemy.engine.Engine SELECT count(reading_questions.id) AS count_1 
FROM reading_questions
2026-07-26 12:21:27,837 INFO sqlalchemy.engine.Engine [generated in 0.00139s] ()
2026-07-26 12:21:27,851 INFO sqlalchemy.engine.Engine SELECT count(reading_attempts.id) AS count_1 
FROM reading_attempts
2026-07-26 12:21:27,851 INFO sqlalchemy.engine.Engine [generated in 0.00148s] ()
2026-07-26 12:21:27,857 INFO sqlalchemy.engine.Engine SELECT date(reading_attempts.created_at) AS date, count(reading_attempts.id) AS count 
FROM reading_attempts 
WHERE reading_attempts.created_at >= $1::TIMESTAMP WITH TIME ZONE GROUP BY date(reading_attempts.created_at) ORDER BY date(reading_attempts.created_at)
2026-07-26 12:21:27,857 INFO sqlalchemy.engine.Engine [generated in 0.00144s] (datetime.datetime(2026, 6, 26, 6, 36, 27, 827090),)
2026-07-26 12:21:27,867 INFO sqlalchemy.engine.Engine SELECT reading_passages.difficulty, avg((reading_attempts.score * $1::FLOAT) / CAST(reading_attempts.total_questions AS NUMERIC)) AS avg_1 
FROM reading_attempts JOIN reading_passages ON reading_attempts.passage_id = reading_passages.id 
WHERE reading_attempts.score IS NOT NULL GROUP BY reading_passages.difficulty
2026-07-26 12:21:27,867 INFO sqlalchemy.engine.Engine [generated in 0.00164s] (100.0,)
2026-07-26 12:21:27,867 INFO sqlalchemy.engine.Engine SELECT avg((reading_attempts.score * $1::FLOAT) / CAST(reading_attempts.total_questions AS NUMERIC)) AS avg_1 
FROM reading_attempts 
WHERE reading_attempts.score IS NOT NULL
2026-07-26 12:21:27,876 INFO sqlalchemy.engine.Engine [generated in 0.00137s] (100.0,)
2026-07-26 12:21:27,881 INFO sqlalchemy.engine.Engine SELECT users.id, users.email, users.full_name, users.hashed_password, users.target_band, users.role, users.current_speaking_level, users.current_listening_level, users.created_at 
FROM users ORDER BY users.created_at DESC 
 LIMIT $1::INTEGER
2026-07-26 12:21:27,881 INFO sqlalchemy.engine.Engine [generated in 0.00181s] (5,)
INFO:     127.0.0.1:51884 - "GET /api/v1/admin/analytics/overview HTTP/1.1" 200 OK
2026-07-26 12:21:27,887 INFO sqlalchemy.engine.Engine ROLLBACK
2026-07-26 12:21:27,887 INFO sqlalchemy.engine.Engine SELECT users.role, count(users.id) AS count_1 
FROM users GROUP BY users.role
2026-07-26 12:21:27,899 INFO sqlalchemy.engine.Engine [generated in 0.00162s] ()
INFO:     127.0.0.1:60658 - "GET /api/v1/admin/dashboard/stats HTTP/1.1" 200 OK
2026-07-26 12:21:27,902 INFO sqlalchemy.engine.Engine ROLLBACK
2026-07-26 12:21:27,911 INFO sqlalchemy.engine.Engine BEGIN (implicit)
2026-07-26 12:21:27,912 INFO sqlalchemy.engine.Engine SELECT users.id, users.email, users.full_name, users.hashed_password, users.target_band, users.role, users.current_speaking_level, users.current_listening_level, users.created_at 
FROM users 
WHERE users.id = $1::INTEGER
2026-07-26 12:21:27,912 INFO sqlalchemy.engine.Engine [cached since 0.1545s ago] (3,)
2026-07-26 12:21:27,921 INFO sqlalchemy.engine.Engine SELECT count(users.id) AS count_1 
FROM users 
WHERE users.role = $1::VARCHAR
2026-07-26 12:21:27,923 INFO sqlalchemy.engine.Engine [cached since 0.1446s ago] ('student',)
2026-07-26 12:21:27,925 INFO sqlalchemy.engine.Engine SELECT count(users.id) AS count_1 
FROM users
2026-07-26 12:21:27,927 INFO sqlalchemy.engine.Engine [cached since 0.1226s ago] ()
2026-07-26 12:21:27,931 INFO sqlalchemy.engine.Engine SELECT count(study_resources.id) AS count_1 
FROM study_resources
2026-07-26 12:21:27,934 INFO sqlalchemy.engine.Engine [cached since 0.125s ago] ()
2026-07-26 12:21:27,940 INFO sqlalchemy.engine.Engine SELECT count(reading_passages.id) AS count_1 
FROM reading_passages
2026-07-26 12:21:27,942 INFO sqlalchemy.engine.Engine [cached since 0.1168s ago] ()
2026-07-26 12:21:27,946 INFO sqlalchemy.engine.Engine SELECT count(reading_questions.id) AS count_1 
FROM reading_questions
2026-07-26 12:21:27,947 INFO sqlalchemy.engine.Engine [cached since 0.1051s ago] ()
2026-07-26 12:21:27,948 INFO sqlalchemy.engine.Engine BEGIN (implicit)
2026-07-26 12:21:27,949 INFO sqlalchemy.engine.Engine SELECT users.id, users.email, users.full_name, users.hashed_password, users.target_band, users.role, users.current_speaking_level, users.current_listening_level, users.created_at 
FROM users 
WHERE users.id = $1::INTEGER
2026-07-26 12:21:27,952 INFO sqlalchemy.engine.Engine [cached since 0.1907s ago] (3,)
2026-07-26 12:21:27,954 INFO sqlalchemy.engine.Engine SELECT count(reading_attempts.id) AS count_1 
FROM reading_attempts
2026-07-26 12:21:27,956 INFO sqlalchemy.engine.Engine [cached since 0.1048s ago] ()
2026-07-26 12:21:27,958 INFO sqlalchemy.engine.Engine SELECT avg((reading_attempts.score * $1::FLOAT) / CAST(reading_attempts.total_questions AS NUMERIC)) AS avg_1 
FROM reading_attempts 
WHERE reading_attempts.score IS NOT NULL
2026-07-26 12:21:27,960 INFO sqlalchemy.engine.Engine [cached since 0.08592s ago] (100.0,)
2026-07-26 12:21:27,964 INFO sqlalchemy.engine.Engine SELECT users.id, users.email, users.full_name, users.hashed_password, users.target_band, users.role, users.current_speaking_level, users.current_listening_level, users.created_at 
FROM users ORDER BY users.created_at DESC 
 LIMIT $1::INTEGER
2026-07-26 12:21:27,965 INFO sqlalchemy.engine.Engine [cached since 0.08358s ago] (5,)
2026-07-26 12:21:27,968 INFO sqlalchemy.engine.Engine SELECT date(users.created_at) AS date, count(users.id) AS count 
FROM users 
WHERE users.created_at >= $1::TIMESTAMP WITH TIME ZONE GROUP BY date(users.created_at) ORDER BY date(users.created_at)
2026-07-26 12:21:27,969 INFO sqlalchemy.engine.Engine [cached since 0.1331s ago] (datetime.datetime(2026, 6, 26, 6, 36, 27, 967399),)
2026-07-26 12:21:27,973 INFO sqlalchemy.engine.Engine SELECT users.role, count(users.id) AS count_1 
FROM users GROUP BY users.role
2026-07-26 12:21:27,974 INFO sqlalchemy.engine.Engine [cached since 0.07648s ago] ()
2026-07-26 12:21:27,977 INFO sqlalchemy.engine.Engine SELECT date(reading_attempts.created_at) AS date, count(reading_attempts.id) AS count 
FROM reading_attempts 
WHERE reading_attempts.created_at >= $1::TIMESTAMP WITH TIME ZONE GROUP BY date(reading_attempts.created_at) ORDER BY date(reading_attempts.created_at)
2026-07-26 12:21:27,977 INFO sqlalchemy.engine.Engine [cached since 0.12s ago] (datetime.datetime(2026, 6, 26, 6, 36, 27, 967399),)
INFO:     127.0.0.1:51884 - "GET /api/v1/admin/dashboard/stats HTTP/1.1" 200 OK
2026-07-26 12:21:27,982 INFO sqlalchemy.engine.Engine ROLLBACK
2026-07-26 12:21:27,984 INFO sqlalchemy.engine.Engine SELECT reading_passages.difficulty, avg((reading_attempts.score * $1::FLOAT) / CAST(reading_attempts.total_questions AS NUMERIC)) AS avg_1 
FROM reading_attempts JOIN reading_passages ON reading_attempts.passage_id = reading_passages.id 
WHERE reading_attempts.score IS NOT NULL GROUP BY reading_passages.difficulty
2026-07-26 12:21:27,985 INFO sqlalchemy.engine.Engine [cached since 0.1157s ago] (100.0,)
INFO:     127.0.0.1:59884 - "GET /api/v1/admin/analytics/overview HTTP/1.1" 200 OK
2026-07-26 12:21:27,992 INFO sqlalchemy.engine.Engine ROLLBACK
INFO:     127.0.0.1:56663 - "OPTIONS /api/v1/admin/users?page=1&limit=10&search=&role= HTTP/1.1" 200 OK
INFO:     127.0.0.1:52266 - "OPTIONS /api/v1/admin/users?page=1&limit=10&search=&role= HTTP/1.1" 200 OK
2026-07-26 12:21:43,241 INFO sqlalchemy.engine.Engine BEGIN (implicit)
2026-07-26 12:21:43,244 INFO sqlalchemy.engine.Engine SELECT users.id, users.email, users.full_name, users.hashed_password, users.target_band, users.role, users.current_speaking_level, users.current_listening_level, users.created_at 
FROM users 
WHERE users.id = $1::INTEGER
2026-07-26 12:21:43,244 INFO sqlalchemy.engine.Engine [cached since 15.49s ago] (3,)
2026-07-26 12:21:43,252 INFO sqlalchemy.engine.Engine SELECT count(users.id) AS count_1 
FROM users
2026-07-26 12:21:43,252 INFO sqlalchemy.engine.Engine [cached since 15.45s ago] ()
2026-07-26 12:21:43,257 INFO sqlalchemy.engine.Engine SELECT users.id, users.email, users.full_name, users.hashed_password, users.target_band, users.role, users.current_speaking_level, users.current_listening_level, users.created_at 
FROM users ORDER BY users.created_at DESC 
 LIMIT $1::INTEGER OFFSET $2::INTEGER
2026-07-26 12:21:43,257 INFO sqlalchemy.engine.Engine [generated in 0.00219s] (10, 0)
INFO:     127.0.0.1:52266 - "GET /api/v1/admin/users?page=1&limit=10&search=&role= HTTP/1.1" 200 OK
2026-07-26 12:21:43,267 INFO sqlalchemy.engine.Engine ROLLBACK
2026-07-26 12:21:43,273 INFO sqlalchemy.engine.Engine BEGIN (implicit)
2026-07-26 12:21:43,276 INFO sqlalchemy.engine.Engine SELECT users.id, users.email, users.full_name, users.hashed_password, users.target_band, users.role, users.current_speaking_level, users.current_listening_level, users.created_at 
FROM users 
WHERE users.id = $1::INTEGER
2026-07-26 12:21:43,278 INFO sqlalchemy.engine.Engine [cached since 15.52s ago] (3,)
2026-07-26 12:21:43,278 INFO sqlalchemy.engine.Engine SELECT count(users.id) AS count_1 
FROM users
2026-07-26 12:21:43,286 INFO sqlalchemy.engine.Engine [cached since 15.48s ago] ()
2026-07-26 12:21:43,290 INFO sqlalchemy.engine.Engine SELECT users.id, users.email, users.full_name, users.hashed_password, users.target_band, users.role, users.current_speaking_level, users.current_listening_level, users.created_at 
FROM users ORDER BY users.created_at DESC 
 LIMIT $1::INTEGER OFFSET $2::INTEGER
2026-07-26 12:21:43,291 INFO sqlalchemy.engine.Engine [cached since 0.0332s ago] (10, 0)
INFO:     127.0.0.1:56663 - "GET /api/v1/admin/users?page=1&limit=10&search=&role= HTTP/1.1" 200 OK
2026-07-26 12:21:43,297 INFO sqlalchemy.engine.Engine ROLLBACK
INFO:     127.0.0.1:56663 - "OPTIONS /api/v1/admin/resources?page=1&limit=10&search=&category= HTTP/1.1" 200 OK
INFO:     127.0.0.1:52266 - "OPTIONS /api/v1/admin/resources?page=1&limit=10&search=&category= HTTP/1.1" 200 OK
2026-07-26 12:21:46,577 INFO sqlalchemy.engine.Engine BEGIN (implicit)
2026-07-26 12:21:46,577 INFO sqlalchemy.engine.Engine SELECT users.id, users.email, users.full_name, users.hashed_password, users.target_band, users.role, users.current_speaking_level, users.current_listening_level, users.created_at 
FROM users 
WHERE users.id = $1::INTEGER
2026-07-26 12:21:46,584 INFO sqlalchemy.engine.Engine [cached since 18.82s ago] (3,)
2026-07-26 12:21:46,587 INFO sqlalchemy.engine.Engine SELECT count(study_resources.id) AS count_1 
FROM study_resources
2026-07-26 12:21:46,587 INFO sqlalchemy.engine.Engine [cached since 18.78s ago] ()
2026-07-26 12:21:46,602 INFO sqlalchemy.engine.Engine SELECT study_resources.id, study_resources.title, study_resources.description, study_resources.category, study_resources.file_name, study_resources.file_path, study_resources.file_size, study_resources.file_type, study_resources.thumbnail_url, study_resources.duration, study_resources.download_count, study_resources.uploaded_by, study_resources.created_at, study_resources.updated_at 
FROM study_resources ORDER BY study_resources.created_at DESC 
 LIMIT $1::INTEGER OFFSET $2::INTEGER
2026-07-26 12:21:46,602 INFO sqlalchemy.engine.Engine [generated in 0.00228s] (10, 0)
INFO:     127.0.0.1:56663 - "GET /api/v1/admin/resources?page=1&limit=10&search=&category= HTTP/1.1" 200 OK
2026-07-26 12:21:46,612 INFO sqlalchemy.engine.Engine ROLLBACK
2026-07-26 12:21:46,612 INFO sqlalchemy.engine.Engine BEGIN (implicit)
2026-07-26 12:21:46,618 INFO sqlalchemy.engine.Engine SELECT users.id, users.email, users.full_name, users.hashed_password, users.target_band, users.role, users.current_speaking_level, users.current_listening_level, users.created_at 
FROM users 
WHERE users.id = $1::INTEGER
2026-07-26 12:21:46,621 INFO sqlalchemy.engine.Engine [cached since 18.86s ago] (3,)
2026-07-26 12:21:46,623 INFO sqlalchemy.engine.Engine SELECT count(study_resources.id) AS count_1 
FROM study_resources
2026-07-26 12:21:46,625 INFO sqlalchemy.engine.Engine [cached since 18.82s ago] ()
2026-07-26 12:21:46,630 INFO sqlalchemy.engine.Engine SELECT study_resources.id, study_resources.title, study_resources.description, study_resources.category, study_resources.file_name, study_resources.file_path, study_resources.file_size, study_resources.file_type, study_resources.thumbnail_url, study_resources.duration, study_resources.download_count, study_resources.uploaded_by, study_resources.created_at, study_resources.updated_at 
FROM study_resources ORDER BY study_resources.created_at DESC 
 LIMIT $1::INTEGER OFFSET $2::INTEGER
2026-07-26 12:21:46,631 INFO sqlalchemy.engine.Engine [cached since 0.02834s ago] (10, 0)
INFO:     127.0.0.1:52266 - "GET /api/v1/admin/resources?page=1&limit=10&search=&category= HTTP/1.1" 200 OK
2026-07-26 12:21:46,638 INFO sqlalchemy.engine.Engine ROLLBACK
INFO:     127.0.0.1:63075 - "OPTIONS /api/v1/admin/mock-tests/reading?page=1&limit=10&search= HTTP/1.1" 200 OK
INFO:     127.0.0.1:61300 - "OPTIONS /api/v1/admin/mock-tests/reading?page=1&limit=10&search= HTTP/1.1" 200 OK
2026-07-26 12:21:54,222 INFO sqlalchemy.engine.Engine BEGIN (implicit)
2026-07-26 12:21:54,224 INFO sqlalchemy.engine.Engine SELECT users.id, users.email, users.full_name, users.hashed_password, users.target_band, users.role, users.current_speaking_level, users.current_listening_level, users.created_at 
FROM users 
WHERE users.id = $1::INTEGER
2026-07-26 12:21:54,227 INFO sqlalchemy.engine.Engine [cached since 26.47s ago] (3,)
2026-07-26 12:21:54,231 INFO sqlalchemy.engine.Engine SELECT count(reading_passages.id) AS count_1 
FROM reading_passages
2026-07-26 12:21:54,231 INFO sqlalchemy.engine.Engine [cached since 26.41s ago] ()
2026-07-26 12:21:54,237 INFO sqlalchemy.engine.Engine SELECT reading_passages.id, reading_passages.title, reading_passages.passage_text, reading_passages.difficulty, reading_passages.created_at 
FROM reading_passages ORDER BY reading_passages.created_at DESC 
 LIMIT $1::INTEGER OFFSET $2::INTEGER
2026-07-26 12:21:54,237 INFO sqlalchemy.engine.Engine [generated in 0.00169s] (10, 0)
INFO:     127.0.0.1:63075 - "GET /api/v1/admin/mock-tests/reading?page=1&limit=10&search= HTTP/1.1" 200 OK
2026-07-26 12:21:54,247 INFO sqlalchemy.engine.Engine ROLLBACK
2026-07-26 12:21:54,257 INFO sqlalchemy.engine.Engine BEGIN (implicit)
2026-07-26 12:21:54,257 INFO sqlalchemy.engine.Engine SELECT users.id, users.email, users.full_name, users.hashed_password, users.target_band, users.role, users.current_speaking_level, users.current_listening_level, users.created_at 
FROM users 
WHERE users.id = $1::INTEGER
2026-07-26 12:21:54,261 INFO sqlalchemy.engine.Engine [cached since 26.5s ago] (3,)
2026-07-26 12:21:54,262 INFO sqlalchemy.engine.Engine SELECT count(reading_passages.id) AS count_1 
FROM reading_passages
2026-07-26 12:21:54,267 INFO sqlalchemy.engine.Engine [cached since 26.44s ago] ()
2026-07-26 12:21:54,267 INFO sqlalchemy.engine.Engine SELECT reading_passages.id, reading_passages.title, reading_passages.passage_text, reading_passages.difficulty, reading_passages.created_at 
FROM reading_passages ORDER BY reading_passages.created_at DESC 
 LIMIT $1::INTEGER OFFSET $2::INTEGER
2026-07-26 12:21:54,267 INFO sqlalchemy.engine.Engine [cached since 0.0346s ago] (10, 0)
INFO:     127.0.0.1:61300 - "GET /api/v1/admin/mock-tests/reading?page=1&limit=10&search= HTTP/1.1" 200 OK
2026-07-26 12:21:54,278 INFO sqlalchemy.engine.Engine ROLLBACK
INFO:     127.0.0.1:61300 - "OPTIONS /api/v1/admin/question-bank?page=1&limit=10&search=&question_type=&skill_type= HTTP/1.1" 200 OK
INFO:     127.0.0.1:63075 - "OPTIONS /api/v1/admin/mock-tests/reading?limit=100 HTTP/1.1" 200 OK
INFO:     127.0.0.1:62274 - "OPTIONS /api/v1/admin/question-bank?page=1&limit=10&search=&question_type=&skill_type= HTTP/1.1" 200 OK
INFO:     127.0.0.1:53487 - "OPTIONS /api/v1/admin/mock-tests/reading?limit=100 HTTP/1.1" 200 OK
2026-07-26 12:21:59,220 INFO sqlalchemy.engine.Engine BEGIN (implicit)
2026-07-26 12:21:59,220 INFO sqlalchemy.engine.Engine SELECT users.id, users.email, users.full_name, users.hashed_password, users.target_band, users.role, users.current_speaking_level, users.current_listening_level, users.created_at 
FROM users 
WHERE users.id = $1::INTEGER
2026-07-26 12:21:59,220 INFO sqlalchemy.engine.Engine [cached since 31.46s ago] (3,)
2026-07-26 12:21:59,227 INFO sqlalchemy.engine.Engine BEGIN (implicit)
2026-07-26 12:21:59,231 INFO sqlalchemy.engine.Engine SELECT users.id, users.email, users.full_name, users.hashed_password, users.target_band, users.role, users.current_speaking_level, users.current_listening_level, users.created_at 
FROM users 
WHERE users.id = $1::INTEGER
2026-07-26 12:21:59,234 INFO sqlalchemy.engine.Engine [cached since 31.47s ago] (3,)
2026-07-26 12:21:59,237 INFO sqlalchemy.engine.Engine SELECT count(reading_questions.id) AS count_1 
FROM reading_questions JOIN reading_passages ON reading_questions.passage_id = reading_passages.id
2026-07-26 12:21:59,237 INFO sqlalchemy.engine.Engine [generated in 0.00235s] ()
2026-07-26 12:21:59,245 INFO sqlalchemy.engine.Engine SELECT count(reading_passages.id) AS count_1 
FROM reading_passages
2026-07-26 12:21:59,247 INFO sqlalchemy.engine.Engine [cached since 31.42s ago] ()
2026-07-26 12:21:59,250 INFO sqlalchemy.engine.Engine SELECT reading_passages.id, reading_passages.title, reading_passages.passage_text, reading_passages.difficulty, reading_passages.created_at 
FROM reading_passages ORDER BY reading_passages.created_at DESC 
 LIMIT $1::INTEGER OFFSET $2::INTEGER
2026-07-26 12:21:59,250 INFO sqlalchemy.engine.Engine [cached since 5.017s ago] (100, 0)
2026-07-26 12:21:59,262 INFO sqlalchemy.engine.Engine SELECT reading_questions.id, reading_questions.passage_id, reading_questions.question_type, reading_questions.question_text, reading_questions.options, reading_questions.correct_answer, reading_questions.skill_type 
FROM reading_questions JOIN reading_passages ON reading_questions.passage_id = reading_passages.id ORDER BY reading_questions.id DESC 
 LIMIT $1::INTEGER OFFSET $2::INTEGER
2026-07-26 12:21:59,267 INFO sqlalchemy.engine.Engine [generated in 0.00284s] (10, 0)
INFO:     127.0.0.1:53487 - "GET /api/v1/admin/mock-tests/reading?limit=100 HTTP/1.1" 200 OK
2026-07-26 12:21:59,271 INFO sqlalchemy.engine.Engine ROLLBACK
2026-07-26 12:21:59,271 INFO sqlalchemy.engine.Engine BEGIN (implicit)
2026-07-26 12:21:59,277 INFO sqlalchemy.engine.Engine SELECT users.id, users.email, users.full_name, users.hashed_password, users.target_band, users.role, users.current_speaking_level, users.current_listening_level, users.created_at 
FROM users 
WHERE users.id = $1::INTEGER
2026-07-26 12:21:59,277 INFO sqlalchemy.engine.Engine [cached since 31.52s ago] (3,)
INFO:     127.0.0.1:62274 - "GET /api/v1/admin/question-bank?page=1&limit=10&search=&question_type=&skill_type= HTTP/1.1" 200 OK
2026-07-26 12:21:59,285 INFO sqlalchemy.engine.Engine ROLLBACK
2026-07-26 12:21:59,291 INFO sqlalchemy.engine.Engine SELECT count(reading_passages.id) AS count_1 
FROM reading_passages
2026-07-26 12:21:59,294 INFO sqlalchemy.engine.Engine [cached since 31.47s ago] ()
2026-07-26 12:21:59,297 INFO sqlalchemy.engine.Engine BEGIN (implicit)
2026-07-26 12:21:59,307 INFO sqlalchemy.engine.Engine SELECT users.id, users.email, users.full_name, users.hashed_password, users.target_band, users.role, users.current_speaking_level, users.current_listening_level, users.created_at 
FROM users 
WHERE users.id = $1::INTEGER
2026-07-26 12:21:59,307 INFO sqlalchemy.engine.Engine [cached since 31.55s ago] (3,)
2026-07-26 12:21:59,311 INFO sqlalchemy.engine.Engine SELECT reading_passages.id, reading_passages.title, reading_passages.passage_text, reading_passages.difficulty, reading_passages.created_at 
FROM reading_passages ORDER BY reading_passages.created_at DESC 
 LIMIT $1::INTEGER OFFSET $2::INTEGER
2026-07-26 12:21:59,317 INFO sqlalchemy.engine.Engine [cached since 5.079s ago] (100, 0)
INFO:     127.0.0.1:63075 - "GET /api/v1/admin/mock-tests/reading?limit=100 HTTP/1.1" 200 OK
2026-07-26 12:21:59,323 INFO sqlalchemy.engine.Engine ROLLBACK
2026-07-26 12:21:59,327 INFO sqlalchemy.engine.Engine SELECT count(reading_questions.id) AS count_1 
FROM reading_questions JOIN reading_passages ON reading_questions.passage_id = reading_passages.id
2026-07-26 12:21:59,327 INFO sqlalchemy.engine.Engine [cached since 0.092s ago] ()
2026-07-26 12:21:59,327 INFO sqlalchemy.engine.Engine SELECT reading_questions.id, reading_questions.passage_id, reading_questions.question_type, reading_questions.question_text, reading_questions.options, reading_questions.correct_answer, reading_questions.skill_type 
FROM reading_questions JOIN reading_passages ON reading_questions.passage_id = reading_passages.id ORDER BY reading_questions.id DESC 
 LIMIT $1::INTEGER OFFSET $2::INTEGER
2026-07-26 12:21:59,336 INFO sqlalchemy.engine.Engine [cached since 0.07156s ago] (10, 0)
INFO:     127.0.0.1:53487 - "GET /api/v1/admin/question-bank?page=1&limit=10&search=&question_type=&skill_type= HTTP/1.1" 200 OK
2026-07-26 12:21:59,342 INFO sqlalchemy.engine.Engine ROLLBACK
INFO:     127.0.0.1:53487 - "OPTIONS /api/v1/admin/results?page=1&limit=10&search= HTTP/1.1" 200 OK
INFO:     127.0.0.1:63075 - "OPTIONS /api/v1/admin/results?page=1&limit=10&search= HTTP/1.1" 200 OK
2026-07-26 12:22:01,047 INFO sqlalchemy.engine.Engine BEGIN (implicit)
2026-07-26 12:22:01,052 INFO sqlalchemy.engine.Engine SELECT users.id, users.email, users.full_name, users.hashed_password, users.target_band, users.role, users.current_speaking_level, users.current_listening_level, users.created_at 
FROM users 
WHERE users.id = $1::INTEGER
2026-07-26 12:22:01,053 INFO sqlalchemy.engine.Engine [cached since 33.29s ago] (3,)
2026-07-26 12:22:01,060 INFO sqlalchemy.engine.Engine SELECT count(reading_attempts.id) AS count_1 
FROM reading_attempts JOIN users ON reading_attempts.user_id = users.id
2026-07-26 12:22:01,062 INFO sqlalchemy.engine.Engine [generated in 0.00245s] ()
2026-07-26 12:22:01,069 INFO sqlalchemy.engine.Engine SELECT reading_attempts.id, reading_attempts.user_id, reading_attempts.passage_id, reading_attempts.score, reading_attempts.total_questions, reading_attempts.created_at, reading_attempts.skill_type, users.full_name, users.email 
FROM reading_attempts JOIN users ON reading_attempts.user_id = users.id ORDER BY reading_attempts.created_at DESC 
 LIMIT $1::INTEGER OFFSET $2::INTEGER
2026-07-26 12:22:01,069 INFO sqlalchemy.engine.Engine [generated in 0.00307s] (10, 0)
INFO:     127.0.0.1:63075 - "GET /api/v1/admin/results?page=1&limit=10&search= HTTP/1.1" 200 OK
2026-07-26 12:22:01,077 INFO sqlalchemy.engine.Engine ROLLBACK
2026-07-26 12:22:01,088 INFO sqlalchemy.engine.Engine BEGIN (implicit)
2026-07-26 12:22:01,088 INFO sqlalchemy.engine.Engine SELECT users.id, users.email, users.full_name, users.hashed_password, users.target_band, users.role, users.current_speaking_level, users.current_listening_level, users.created_at 
FROM users 
WHERE users.id = $1::INTEGER
2026-07-26 12:22:01,088 INFO sqlalchemy.engine.Engine [cached since 33.33s ago] (3,)
2026-07-26 12:22:01,096 INFO sqlalchemy.engine.Engine SELECT count(reading_attempts.id) AS count_1 
FROM reading_attempts JOIN users ON reading_attempts.user_id = users.id
2026-07-26 12:22:01,096 INFO sqlalchemy.engine.Engine [cached since 0.03764s ago] ()
2026-07-26 12:22:01,103 INFO sqlalchemy.engine.Engine SELECT reading_attempts.id, reading_attempts.user_id, reading_attempts.passage_id, reading_attempts.score, reading_attempts.total_questions, reading_attempts.created_at, reading_attempts.skill_type, users.full_name, users.email 
FROM reading_attempts JOIN users ON reading_attempts.user_id = users.id ORDER BY reading_attempts.created_at DESC 
 LIMIT $1::INTEGER OFFSET $2::INTEGER
2026-07-26 12:22:01,107 INFO sqlalchemy.engine.Engine [cached since 0.0345s ago] (10, 0)
INFO:     127.0.0.1:53487 - "GET /api/v1/admin/results?page=1&limit=10&search= HTTP/1.1" 200 OK
2026-07-26 12:22:01,114 INFO sqlalchemy.engine.Engine ROLLBACK
2026-07-26 12:22:02,417 INFO sqlalchemy.engine.Engine BEGIN (implicit)
2026-07-26 12:22:02,424 INFO sqlalchemy.engine.Engine SELECT users.id, users.email, users.full_name, users.hashed_password, users.target_band, users.role, users.current_speaking_level, users.current_listening_level, users.created_at 
FROM users 
WHERE users.id = $1::INTEGER
2026-07-26 12:22:02,426 INFO sqlalchemy.engine.Engine [cached since 34.67s ago] (3,)
2026-07-26 12:22:02,428 INFO sqlalchemy.engine.Engine BEGIN (implicit)
2026-07-26 12:22:02,431 INFO sqlalchemy.engine.Engine SELECT users.id, users.email, users.full_name, users.hashed_password, users.target_band, users.role, users.current_speaking_level, users.current_listening_level, users.created_at 
FROM users 
WHERE users.id = $1::INTEGER
2026-07-26 12:22:02,434 INFO sqlalchemy.engine.Engine [cached since 34.67s ago] (3,)
2026-07-26 12:22:02,437 INFO sqlalchemy.engine.Engine SELECT date(users.created_at) AS date, count(users.id) AS count 
FROM users 
WHERE users.created_at >= $1::TIMESTAMP WITH TIME ZONE GROUP BY date(users.created_at) ORDER BY date(users.created_at)
2026-07-26 12:22:02,437 INFO sqlalchemy.engine.Engine [cached since 34.6s ago] (datetime.datetime(2026, 6, 26, 6, 37, 2, 437095),)
2026-07-26 12:22:02,445 INFO sqlalchemy.engine.Engine SELECT count(users.id) AS count_1 
FROM users 
WHERE users.role = $1::VARCHAR
2026-07-26 12:22:02,445 INFO sqlalchemy.engine.Engine [cached since 34.67s ago] ('student',)
2026-07-26 12:22:02,447 INFO sqlalchemy.engine.Engine SELECT date(reading_attempts.created_at) AS date, count(reading_attempts.id) AS count 
FROM reading_attempts 
WHERE reading_attempts.created_at >= $1::TIMESTAMP WITH TIME ZONE GROUP BY date(reading_attempts.created_at) ORDER BY date(reading_attempts.created_at)
2026-07-26 12:22:02,447 INFO sqlalchemy.engine.Engine [cached since 34.59s ago] (datetime.datetime(2026, 6, 26, 6, 37, 2, 437095),)
2026-07-26 12:22:02,453 INFO sqlalchemy.engine.Engine SELECT count(users.id) AS count_1 
FROM users
2026-07-26 12:22:02,453 INFO sqlalchemy.engine.Engine [cached since 34.65s ago] ()
2026-07-26 12:22:02,461 INFO sqlalchemy.engine.Engine SELECT reading_passages.difficulty, avg((reading_attempts.score * $1::FLOAT) / CAST(reading_attempts.total_questions AS NUMERIC)) AS avg_1 
FROM reading_attempts JOIN reading_passages ON reading_attempts.passage_id = reading_passages.id 
WHERE reading_attempts.score IS NOT NULL GROUP BY reading_passages.difficulty
2026-07-26 12:22:02,461 INFO sqlalchemy.engine.Engine [cached since 34.59s ago] (100.0,)
2026-07-26 12:22:02,469 INFO sqlalchemy.engine.Engine SELECT count(study_resources.id) AS count_1 
FROM study_resources
2026-07-26 12:22:02,471 INFO sqlalchemy.engine.Engine [cached since 34.66s ago] ()
INFO:     127.0.0.1:53487 - "GET /api/v1/admin/analytics/overview HTTP/1.1" 200 OK
2026-07-26 12:22:02,476 INFO sqlalchemy.engine.Engine ROLLBACK
2026-07-26 12:22:02,479 INFO sqlalchemy.engine.Engine SELECT count(reading_passages.id) AS count_1 
FROM reading_passages
2026-07-26 12:22:02,481 INFO sqlalchemy.engine.Engine [cached since 34.66s ago] ()
2026-07-26 12:22:02,487 INFO sqlalchemy.engine.Engine BEGIN (implicit)
2026-07-26 12:22:02,487 INFO sqlalchemy.engine.Engine SELECT users.id, users.email, users.full_name, users.hashed_password, users.target_band, users.role, users.current_speaking_level, users.current_listening_level, users.created_at 
FROM users 
WHERE users.id = $1::INTEGER
2026-07-26 12:22:02,487 INFO sqlalchemy.engine.Engine [cached since 34.73s ago] (3,)
2026-07-26 12:22:02,495 INFO sqlalchemy.engine.Engine SELECT count(reading_questions.id) AS count_1 
FROM reading_questions
2026-07-26 12:22:02,497 INFO sqlalchemy.engine.Engine [cached since 34.66s ago] ()
2026-07-26 12:22:02,502 INFO sqlalchemy.engine.Engine SELECT count(reading_attempts.id) AS count_1 
FROM reading_attempts
2026-07-26 12:22:02,505 INFO sqlalchemy.engine.Engine [cached since 34.65s ago] ()
2026-07-26 12:22:02,509 INFO sqlalchemy.engine.Engine SELECT date(users.created_at) AS date, count(users.id) AS count 
FROM users 
WHERE users.created_at >= $1::TIMESTAMP WITH TIME ZONE GROUP BY date(users.created_at) ORDER BY date(users.created_at)
2026-07-26 12:22:02,511 INFO sqlalchemy.engine.Engine [cached since 34.67s ago] (datetime.datetime(2026, 6, 26, 6, 37, 2, 507101),)
2026-07-26 12:22:02,512 INFO sqlalchemy.engine.Engine SELECT avg((reading_attempts.score * $1::FLOAT) / CAST(reading_attempts.total_questions AS NUMERIC)) AS avg_1 
FROM reading_attempts 
WHERE reading_attempts.score IS NOT NULL
2026-07-26 12:22:02,517 INFO sqlalchemy.engine.Engine [cached since 34.64s ago] (100.0,)
2026-07-26 12:22:02,522 INFO sqlalchemy.engine.Engine SELECT date(reading_attempts.created_at) AS date, count(reading_attempts.id) AS count 
FROM reading_attempts 
WHERE reading_attempts.created_at >= $1::TIMESTAMP WITH TIME ZONE GROUP BY date(reading_attempts.created_at) ORDER BY date(reading_attempts.created_at)
2026-07-26 12:22:02,526 INFO sqlalchemy.engine.Engine [cached since 34.67s ago] (datetime.datetime(2026, 6, 26, 6, 37, 2, 507101),)
2026-07-26 12:22:02,527 INFO sqlalchemy.engine.Engine SELECT users.id, users.email, users.full_name, users.hashed_password, users.target_band, users.role, users.current_speaking_level, users.current_listening_level, users.created_at 
FROM users ORDER BY users.created_at DESC 
 LIMIT $1::INTEGER
2026-07-26 12:22:02,531 INFO sqlalchemy.engine.Engine [cached since 34.65s ago] (5,)
2026-07-26 12:22:02,537 INFO sqlalchemy.engine.Engine SELECT reading_passages.difficulty, avg((reading_attempts.score * $1::FLOAT) / CAST(reading_attempts.total_questions AS NUMERIC)) AS avg_1 
FROM reading_attempts JOIN reading_passages ON reading_attempts.passage_id = reading_passages.id 
WHERE reading_attempts.score IS NOT NULL GROUP BY reading_passages.difficulty
2026-07-26 12:22:02,537 INFO sqlalchemy.engine.Engine [cached since 34.67s ago] (100.0,)
2026-07-26 12:22:02,542 INFO sqlalchemy.engine.Engine SELECT users.role, count(users.id) AS count_1 
FROM users GROUP BY users.role
2026-07-26 12:22:02,543 INFO sqlalchemy.engine.Engine [cached since 34.65s ago] ()
INFO:     127.0.0.1:62274 - "GET /api/v1/admin/analytics/overview HTTP/1.1" 200 OK
2026-07-26 12:22:02,547 INFO sqlalchemy.engine.Engine ROLLBACK
INFO:     127.0.0.1:63075 - "GET /api/v1/admin/dashboard/stats HTTP/1.1" 200 OK
2026-07-26 12:22:02,553 INFO sqlalchemy.engine.Engine ROLLBACK
2026-07-26 12:22:02,557 INFO sqlalchemy.engine.Engine BEGIN (implicit)
2026-07-26 12:22:02,559 INFO sqlalchemy.engine.Engine SELECT users.id, users.email, users.full_name, users.hashed_password, users.target_band, users.role, users.current_speaking_level, users.current_listening_level, users.created_at 
FROM users 
WHERE users.id = $1::INTEGER
2026-07-26 12:22:02,561 INFO sqlalchemy.engine.Engine [cached since 34.8s ago] (3,)
2026-07-26 12:22:02,567 INFO sqlalchemy.engine.Engine SELECT count(users.id) AS count_1 
FROM users 
WHERE users.role = $1::VARCHAR
2026-07-26 12:22:02,569 INFO sqlalchemy.engine.Engine [cached since 34.79s ago] ('student',)
2026-07-26 12:22:02,573 INFO sqlalchemy.engine.Engine SELECT count(users.id) AS count_1 
FROM users
2026-07-26 12:22:02,575 INFO sqlalchemy.engine.Engine [cached since 34.77s ago] ()
2026-07-26 12:22:02,578 INFO sqlalchemy.engine.Engine SELECT count(study_resources.id) AS count_1 
FROM study_resources
2026-07-26 12:22:02,580 INFO sqlalchemy.engine.Engine [cached since 34.77s ago] ()
2026-07-26 12:22:02,582 INFO sqlalchemy.engine.Engine SELECT count(reading_passages.id) AS count_1 
FROM reading_passages
2026-07-26 12:22:02,584 INFO sqlalchemy.engine.Engine [cached since 34.76s ago] ()
2026-07-26 12:22:02,587 INFO sqlalchemy.engine.Engine SELECT count(reading_questions.id) AS count_1 
FROM reading_questions
2026-07-26 12:22:02,589 INFO sqlalchemy.engine.Engine [cached since 34.75s ago] ()
2026-07-26 12:22:02,591 INFO sqlalchemy.engine.Engine SELECT count(reading_attempts.id) AS count_1 
FROM reading_attempts
2026-07-26 12:22:02,593 INFO sqlalchemy.engine.Engine [cached since 34.74s ago] ()
2026-07-26 12:22:02,596 INFO sqlalchemy.engine.Engine SELECT avg((reading_attempts.score * $1::FLOAT) / CAST(reading_attempts.total_questions AS NUMERIC)) AS avg_1 
FROM reading_attempts 
WHERE reading_attempts.score IS NOT NULL
2026-07-26 12:22:02,597 INFO sqlalchemy.engine.Engine [cached since 34.72s ago] (100.0,)
2026-07-26 12:22:02,601 INFO sqlalchemy.engine.Engine SELECT users.id, users.email, users.full_name, users.hashed_password, users.target_band, users.role, users.current_speaking_level, users.current_listening_level, users.created_at 
FROM users ORDER BY users.created_at DESC 
 LIMIT $1::INTEGER
2026-07-26 12:22:02,602 INFO sqlalchemy.engine.Engine [cached since 34.72s ago] (5,)
2026-07-26 12:22:02,606 INFO sqlalchemy.engine.Engine SELECT users.role, count(users.id) AS count_1 
FROM users GROUP BY users.role
2026-07-26 12:22:02,607 INFO sqlalchemy.engine.Engine [cached since 34.71s ago] ()
INFO:     127.0.0.1:62274 - "GET /api/v1/admin/dashboard/stats HTTP/1.1" 200 OK
2026-07-26 12:22:02,611 INFO sqlalchemy.engine.Engine ROLLBACK
INFO:     127.0.0.1:62274 - "OPTIONS /api/v1/admin/notifications HTTP/1.1" 200 OK
INFO:     127.0.0.1:63075 - "OPTIONS /api/v1/admin/notifications HTTP/1.1" 200 OK
2026-07-26 12:22:03,941 INFO sqlalchemy.engine.Engine BEGIN (implicit)
2026-07-26 12:22:03,943 INFO sqlalchemy.engine.Engine SELECT users.id, users.email, users.full_name, users.hashed_password, users.target_band, users.role, users.current_speaking_level, users.current_listening_level, users.created_at 
FROM users 
WHERE users.id = $1::INTEGER
2026-07-26 12:22:03,945 INFO sqlalchemy.engine.Engine [cached since 36.18s ago] (3,)
INFO:     127.0.0.1:62274 - "GET /api/v1/admin/notifications HTTP/1.1" 200 OK
2026-07-26 12:22:03,952 INFO sqlalchemy.engine.Engine ROLLBACK
2026-07-26 12:22:03,952 INFO sqlalchemy.engine.Engine BEGIN (implicit)
2026-07-26 12:22:03,957 INFO sqlalchemy.engine.Engine SELECT users.id, users.email, users.full_name, users.hashed_password, users.target_band, users.role, users.current_speaking_level, users.current_listening_level, users.created_at 
FROM users 
WHERE users.id = $1::INTEGER
2026-07-26 12:22:03,960 INFO sqlalchemy.engine.Engine [cached since 36.2s ago] (3,)
INFO:     127.0.0.1:63075 - "GET /api/v1/admin/notifications HTTP/1.1" 200 OK
2026-07-26 12:22:03,967 INFO sqlalchemy.engine.Engine ROLLBACK
INFO:     127.0.0.1:63075 - "OPTIONS /api/v1/admin/settings HTTP/1.1" 200 OK
INFO:     127.0.0.1:62274 - "OPTIONS /api/v1/admin/settings HTTP/1.1" 200 OK
2026-07-26 12:22:05,907 INFO sqlalchemy.engine.Engine BEGIN (implicit)
2026-07-26 12:22:05,909 INFO sqlalchemy.engine.Engine SELECT users.id, users.email, users.full_name, users.hashed_password, users.target_band, users.role, users.current_speaking_level, users.current_listening_level, users.created_at 
FROM users 
WHERE users.id = $1::INTEGER
2026-07-26 12:22:05,912 INFO sqlalchemy.engine.Engine [cached since 38.15s ago] (3,)
INFO:     127.0.0.1:62274 - "GET /api/v1/admin/settings HTTP/1.1" 200 OK
2026-07-26 12:22:05,917 INFO sqlalchemy.engine.Engine ROLLBACK
2026-07-26 12:22:05,921 INFO sqlalchemy.engine.Engine BEGIN (implicit)
2026-07-26 12:22:05,921 INFO sqlalchemy.engine.Engine SELECT users.id, users.email, users.full_name, users.hashed_password, users.target_band, users.role, users.current_speaking_level, users.current_listening_level, users.created_at 
FROM users 
WHERE users.id = $1::INTEGER
2026-07-26 12:22:05,926 INFO sqlalchemy.engine.Engine [cached since 38.16s ago] (3,)
INFO:     127.0.0.1:63075 - "GET /api/v1/admin/settings HTTP/1.1" 200 OK
2026-07-26 12:22:05,930 INFO sqlalchemy.engine.Engine ROLLBACK
2026-07-26 12:22:39,137 INFO sqlalchemy.engine.Engine BEGIN (implicit)
2026-07-26 12:22:39,138 INFO sqlalchemy.engine.Engine SELECT users.id, users.email, users.full_name, users.hashed_password, users.target_band, users.role, users.current_speaking_level, users.current_listening_level, users.created_at 
FROM users 
WHERE users.id = $1::INTEGER
2026-07-26 12:22:39,142 INFO sqlalchemy.engine.Engine [cached since 71.38s ago] (3,)
2026-07-26 12:22:39,142 INFO sqlalchemy.engine.Engine BEGIN (implicit)
2026-07-26 12:22:39,142 INFO sqlalchemy.engine.Engine SELECT users.id, users.email, users.full_name, users.hashed_password, users.target_band, users.role, users.current_speaking_level, users.current_listening_level, users.created_at 
FROM users 
WHERE users.id = $1::INTEGER
2026-07-26 12:22:39,151 INFO sqlalchemy.engine.Engine [cached since 71.39s ago] (3,)
2026-07-26 12:22:39,152 INFO sqlalchemy.engine.Engine SELECT count(users.id) AS count_1 
FROM users 
WHERE users.role = $1::VARCHAR
2026-07-26 12:22:39,158 INFO sqlalchemy.engine.Engine [cached since 71.38s ago] ('student',)
2026-07-26 12:22:39,159 INFO sqlalchemy.engine.Engine SELECT date(users.created_at) AS date, count(users.id) AS count 
FROM users 
WHERE users.created_at >= $1::TIMESTAMP WITH TIME ZONE GROUP BY date(users.created_at) ORDER BY date(users.created_at)
2026-07-26 12:22:39,159 INFO sqlalchemy.engine.Engine [cached since 71.33s ago] (datetime.datetime(2026, 6, 26, 6, 37, 39, 159045),)
2026-07-26 12:22:39,167 INFO sqlalchemy.engine.Engine SELECT count(users.id) AS count_1 
FROM users
2026-07-26 12:22:39,185 INFO sqlalchemy.engine.Engine [cached since 71.38s ago] ()
2026-07-26 12:22:39,193 INFO sqlalchemy.engine.Engine SELECT date(reading_attempts.created_at) AS date, count(reading_attempts.id) AS count 
FROM reading_attempts 
WHERE reading_attempts.created_at >= $1::TIMESTAMP WITH TIME ZONE GROUP BY date(reading_attempts.created_at) ORDER BY date(reading_attempts.created_at)
2026-07-26 12:22:39,193 INFO sqlalchemy.engine.Engine [cached since 71.34s ago] (datetime.datetime(2026, 6, 26, 6, 37, 39, 159045),)
2026-07-26 12:22:39,193 INFO sqlalchemy.engine.Engine SELECT count(study_resources.id) AS count_1 
FROM study_resources
2026-07-26 12:22:39,193 INFO sqlalchemy.engine.Engine [cached since 71.39s ago] ()
2026-07-26 12:22:39,202 INFO sqlalchemy.engine.Engine SELECT reading_passages.difficulty, avg((reading_attempts.score * $1::FLOAT) / CAST(reading_attempts.total_questions AS NUMERIC)) AS avg_1 
FROM reading_attempts JOIN reading_passages ON reading_attempts.passage_id = reading_passages.id 
WHERE reading_attempts.score IS NOT NULL GROUP BY reading_passages.difficulty
2026-07-26 12:22:39,208 INFO sqlalchemy.engine.Engine [cached since 71.34s ago] (100.0,)
2026-07-26 12:22:39,209 INFO sqlalchemy.engine.Engine SELECT count(reading_passages.id) AS count_1 
FROM reading_passages
2026-07-26 12:22:39,209 INFO sqlalchemy.engine.Engine [cached since 71.39s ago] ()
INFO:     127.0.0.1:59072 - "GET /api/v1/admin/analytics/overview HTTP/1.1" 200 OK
2026-07-26 12:22:39,217 INFO sqlalchemy.engine.Engine ROLLBACK
2026-07-26 12:22:39,223 INFO sqlalchemy.engine.Engine SELECT count(reading_questions.id) AS count_1 
FROM reading_questions
2026-07-26 12:22:39,223 INFO sqlalchemy.engine.Engine [cached since 71.38s ago] ()
2026-07-26 12:22:39,227 INFO sqlalchemy.engine.Engine SELECT count(reading_attempts.id) AS count_1 
FROM reading_attempts
2026-07-26 12:22:39,227 INFO sqlalchemy.engine.Engine [cached since 71.38s ago] ()
2026-07-26 12:22:39,234 INFO sqlalchemy.engine.Engine BEGIN (implicit)
2026-07-26 12:22:39,234 INFO sqlalchemy.engine.Engine SELECT users.id, users.email, users.full_name, users.hashed_password, users.target_band, users.role, users.current_speaking_level, users.current_listening_level, users.created_at 
FROM users 
WHERE users.id = $1::INTEGER
2026-07-26 12:22:39,242 INFO sqlalchemy.engine.Engine [cached since 71.48s ago] (3,)
2026-07-26 12:22:39,242 INFO sqlalchemy.engine.Engine SELECT avg((reading_attempts.score * $1::FLOAT) / CAST(reading_attempts.total_questions AS NUMERIC)) AS avg_1 
FROM reading_attempts 
WHERE reading_attempts.score IS NOT NULL
2026-07-26 12:22:39,251 INFO sqlalchemy.engine.Engine [cached since 71.38s ago] (100.0,)
2026-07-26 12:22:39,251 INFO sqlalchemy.engine.Engine SELECT users.id, users.email, users.full_name, users.hashed_password, users.target_band, users.role, users.current_speaking_level, users.current_listening_level, users.created_at 
FROM users ORDER BY users.created_at DESC 
 LIMIT $1::INTEGER
2026-07-26 12:22:39,258 INFO sqlalchemy.engine.Engine [cached since 71.38s ago] (5,)
2026-07-26 12:22:39,259 INFO sqlalchemy.engine.Engine SELECT date(users.created_at) AS date, count(users.id) AS count 
FROM users 
WHERE users.created_at >= $1::TIMESTAMP WITH TIME ZONE GROUP BY date(users.created_at) ORDER BY date(users.created_at)
2026-07-26 12:22:39,266 INFO sqlalchemy.engine.Engine [cached since 71.43s ago] (datetime.datetime(2026, 6, 26, 6, 37, 39, 259669),)
2026-07-26 12:22:39,269 INFO sqlalchemy.engine.Engine SELECT users.role, count(users.id) AS count_1 
FROM users GROUP BY users.role
2026-07-26 12:22:39,269 INFO sqlalchemy.engine.Engine [cached since 71.38s ago] ()
2026-07-26 12:22:39,280 INFO sqlalchemy.engine.Engine SELECT date(reading_attempts.created_at) AS date, count(reading_attempts.id) AS count 
FROM reading_attempts 
WHERE reading_attempts.created_at >= $1::TIMESTAMP WITH TIME ZONE GROUP BY date(reading_attempts.created_at) ORDER BY date(reading_attempts.created_at)
2026-07-26 12:22:39,283 INFO sqlalchemy.engine.Engine [cached since 71.43s ago] (datetime.datetime(2026, 6, 26, 6, 37, 39, 259669),)
INFO:     127.0.0.1:57496 - "GET /api/v1/admin/dashboard/stats HTTP/1.1" 200 OK
2026-07-26 12:22:39,284 INFO sqlalchemy.engine.Engine ROLLBACK
2026-07-26 12:22:39,293 INFO sqlalchemy.engine.Engine SELECT reading_passages.difficulty, avg((reading_attempts.score * $1::FLOAT) / CAST(reading_attempts.total_questions AS NUMERIC)) AS avg_1 
FROM reading_attempts JOIN reading_passages ON reading_attempts.passage_id = reading_passages.id 
WHERE reading_attempts.score IS NOT NULL GROUP BY reading_passages.difficulty
2026-07-26 12:22:39,293 INFO sqlalchemy.engine.Engine [cached since 71.43s ago] (100.0,)
2026-07-26 12:22:39,298 INFO sqlalchemy.engine.Engine BEGIN (implicit)
2026-07-26 12:22:39,302 INFO sqlalchemy.engine.Engine SELECT users.id, users.email, users.full_name, users.hashed_password, users.target_band, users.role, users.current_speaking_level, users.current_listening_level, users.created_at 
FROM users 
WHERE users.id = $1::INTEGER
2026-07-26 12:22:39,303 INFO sqlalchemy.engine.Engine [cached since 71.54s ago] (3,)
INFO:     127.0.0.1:58480 - "GET /api/v1/admin/analytics/overview HTTP/1.1" 200 OK
2026-07-26 12:22:39,309 INFO sqlalchemy.engine.Engine ROLLBACK
2026-07-26 12:22:39,314 INFO sqlalchemy.engine.Engine SELECT count(users.id) AS count_1 
FROM users 
WHERE users.role = $1::VARCHAR
2026-07-26 12:22:39,315 INFO sqlalchemy.engine.Engine [cached since 71.54s ago] ('student',)
2026-07-26 12:22:39,318 INFO sqlalchemy.engine.Engine SELECT count(users.id) AS count_1 
FROM users
2026-07-26 12:22:39,320 INFO sqlalchemy.engine.Engine [cached since 71.52s ago] ()
2026-07-26 12:22:39,323 INFO sqlalchemy.engine.Engine SELECT count(study_resources.id) AS count_1 
FROM study_resources
2026-07-26 12:22:39,324 INFO sqlalchemy.engine.Engine [cached since 71.51s ago] ()
2026-07-26 12:22:39,327 INFO sqlalchemy.engine.Engine SELECT count(reading_passages.id) AS count_1 
FROM reading_passages
2026-07-26 12:22:39,328 INFO sqlalchemy.engine.Engine [cached since 71.5s ago] ()
2026-07-26 12:22:39,330 INFO sqlalchemy.engine.Engine SELECT count(reading_questions.id) AS count_1 
FROM reading_questions
2026-07-26 12:22:39,331 INFO sqlalchemy.engine.Engine [cached since 71.49s ago] ()
2026-07-26 12:22:39,333 INFO sqlalchemy.engine.Engine SELECT count(reading_attempts.id) AS count_1 
FROM reading_attempts
2026-07-26 12:22:39,334 INFO sqlalchemy.engine.Engine [cached since 71.48s ago] ()
2026-07-26 12:22:39,337 INFO sqlalchemy.engine.Engine SELECT avg((reading_attempts.score * $1::FLOAT) / CAST(reading_attempts.total_questions AS NUMERIC)) AS avg_1 
FROM reading_attempts 
WHERE reading_attempts.score IS NOT NULL
2026-07-26 12:22:39,337 INFO sqlalchemy.engine.Engine [cached since 71.46s ago] (100.0,)
2026-07-26 12:22:39,339 INFO sqlalchemy.engine.Engine SELECT users.id, users.email, users.full_name, users.hashed_password, users.target_band, users.role, users.current_speaking_level, users.current_listening_level, users.created_at 
FROM users ORDER BY users.created_at DESC 
 LIMIT $1::INTEGER
2026-07-26 12:22:39,343 INFO sqlalchemy.engine.Engine [cached since 71.46s ago] (5,)
2026-07-26 12:22:39,345 INFO sqlalchemy.engine.Engine SELECT users.role, count(users.id) AS count_1 
FROM users GROUP BY users.role
2026-07-26 12:22:39,347 INFO sqlalchemy.engine.Engine [cached since 71.45s ago] ()
INFO:     127.0.0.1:59072 - "GET /api/v1/admin/dashboard/stats HTTP/1.1" 200 OK
2026-07-26 12:22:39,350 INFO sqlalchemy.engine.Engine ROLLBACK
2026-07-26 12:23:04,768 INFO sqlalchemy.engine.Engine BEGIN (implicit)
2026-07-26 12:23:04,775 INFO sqlalchemy.engine.Engine SELECT users.id, users.email, users.full_name, users.hashed_password, users.target_band, users.role, users.current_speaking_level, users.current_listening_level, users.created_at 
FROM users 
WHERE users.id = $1::INTEGER
2026-07-26 12:23:04,775 INFO sqlalchemy.engine.Engine [cached since 97.02s ago] (3,)
2026-07-26 12:23:04,784 INFO sqlalchemy.engine.Engine SELECT count(users.id) AS count_1 
FROM users
2026-07-26 12:23:04,784 INFO sqlalchemy.engine.Engine [cached since 96.98s ago] ()
2026-07-26 12:23:04,790 INFO sqlalchemy.engine.Engine SELECT users.id, users.email, users.full_name, users.hashed_password, users.target_band, users.role, users.current_speaking_level, users.current_listening_level, users.created_at 
FROM users ORDER BY users.created_at DESC 
 LIMIT $1::INTEGER OFFSET $2::INTEGER
2026-07-26 12:23:04,790 INFO sqlalchemy.engine.Engine [cached since 81.54s ago] (10, 0)
INFO:     127.0.0.1:60421 - "GET /api/v1/admin/users?page=1&limit=10&search=&role= HTTP/1.1" 200 OK
2026-07-26 12:23:04,790 INFO sqlalchemy.engine.Engine ROLLBACK
2026-07-26 12:23:04,809 INFO sqlalchemy.engine.Engine BEGIN (implicit)
2026-07-26 12:23:04,809 INFO sqlalchemy.engine.Engine SELECT users.id, users.email, users.full_name, users.hashed_password, users.target_band, users.role, users.current_speaking_level, users.current_listening_level, users.created_at 
FROM users 
WHERE users.id = $1::INTEGER
2026-07-26 12:23:04,809 INFO sqlalchemy.engine.Engine [cached since 97.05s ago] (3,)
2026-07-26 12:23:04,818 INFO sqlalchemy.engine.Engine SELECT count(users.id) AS count_1 
FROM users
2026-07-26 12:23:04,819 INFO sqlalchemy.engine.Engine [cached since 97.02s ago] ()
2026-07-26 12:23:04,824 INFO sqlalchemy.engine.Engine SELECT users.id, users.email, users.full_name, users.hashed_password, users.target_band, users.role, users.current_speaking_level, users.current_listening_level, users.created_at 
FROM users ORDER BY users.created_at DESC 
 LIMIT $1::INTEGER OFFSET $2::INTEGER
2026-07-26 12:23:04,824 INFO sqlalchemy.engine.Engine [cached since 81.57s ago] (10, 0)
INFO:     127.0.0.1:62541 - "GET /api/v1/admin/users?page=1&limit=10&search=&role= HTTP/1.1" 200 OK
2026-07-26 12:23:04,824 INFO sqlalchemy.engine.Engine ROLLBACK
2026-07-26 12:23:12,741 INFO sqlalchemy.engine.Engine BEGIN (implicit)
2026-07-26 12:23:12,746 INFO sqlalchemy.engine.Engine SELECT users.id, users.email, users.full_name, users.hashed_password, users.target_band, users.role, users.current_speaking_level, users.current_listening_level, users.created_at 
FROM users 
WHERE users.id = $1::INTEGER
2026-07-26 12:23:12,747 INFO sqlalchemy.engine.Engine [cached since 105s ago] (3,)
2026-07-26 12:23:12,758 INFO sqlalchemy.engine.Engine SELECT count(study_resources.id) AS count_1 
FROM study_resources
2026-07-26 12:23:12,759 INFO sqlalchemy.engine.Engine [cached since 105s ago] ()
2026-07-26 12:23:12,768 INFO sqlalchemy.engine.Engine SELECT study_resources.id, study_resources.title, study_resources.description, study_resources.category, study_resources.file_name, study_resources.file_path, study_resources.file_size, study_resources.file_type, study_resources.thumbnail_url, study_resources.duration, study_resources.download_count, study_resources.uploaded_by, study_resources.created_at, study_resources.updated_at 
FROM study_resources ORDER BY study_resources.created_at DESC 
 LIMIT $1::INTEGER OFFSET $2::INTEGER
2026-07-26 12:23:12,769 INFO sqlalchemy.engine.Engine [cached since 86.17s ago] (10, 0)
INFO:     127.0.0.1:53400 - "GET /api/v1/admin/resources?page=1&limit=10&search=&category= HTTP/1.1" 200 OK
2026-07-26 12:23:12,776 INFO sqlalchemy.engine.Engine ROLLBACK
2026-07-26 12:23:12,784 INFO sqlalchemy.engine.Engine BEGIN (implicit)
2026-07-26 12:23:12,784 INFO sqlalchemy.engine.Engine SELECT users.id, users.email, users.full_name, users.hashed_password, users.target_band, users.role, users.current_speaking_level, users.current_listening_level, users.created_at 
FROM users 
WHERE users.id = $1::INTEGER
2026-07-26 12:23:12,792 INFO sqlalchemy.engine.Engine [cached since 105s ago] (3,)
2026-07-26 12:23:12,799 INFO sqlalchemy.engine.Engine SELECT count(study_resources.id) AS count_1 
FROM study_resources
2026-07-26 12:23:12,801 INFO sqlalchemy.engine.Engine [cached since 105s ago] ()
2026-07-26 12:23:12,806 INFO sqlalchemy.engine.Engine SELECT study_resources.id, study_resources.title, study_resources.description, study_resources.category, study_resources.file_name, study_resources.file_path, study_resources.file_size, study_resources.file_type, study_resources.thumbnail_url, study_resources.duration, study_resources.download_count, study_resources.uploaded_by, study_resources.created_at, study_resources.updated_at 
FROM study_resources ORDER BY study_resources.created_at DESC 
 LIMIT $1::INTEGER OFFSET $2::INTEGER
2026-07-26 12:23:12,807 INFO sqlalchemy.engine.Engine [cached since 86.2s ago] (10, 0)
INFO:     127.0.0.1:65439 - "GET /api/v1/admin/resources?page=1&limit=10&search=&category= HTTP/1.1" 200 OK
2026-07-26 12:23:12,814 INFO sqlalchemy.engine.Engine ROLLBACK
2026-07-26 12:23:18,906 INFO sqlalchemy.engine.Engine BEGIN (implicit)
2026-07-26 12:23:18,909 INFO sqlalchemy.engine.Engine SELECT users.id, users.email, users.full_name, users.hashed_password, users.target_band, users.role, users.current_speaking_level, users.current_listening_level, users.created_at 
FROM users 
WHERE users.id = $1::INTEGER
2026-07-26 12:23:18,913 INFO sqlalchemy.engine.Engine [cached since 111.2s ago] (3,)
2026-07-26 12:23:18,914 INFO sqlalchemy.engine.Engine SELECT count(reading_passages.id) AS count_1 
FROM reading_passages
2026-07-26 12:23:18,914 INFO sqlalchemy.engine.Engine [cached since 111.1s ago] ()
2026-07-26 12:23:18,914 INFO sqlalchemy.engine.Engine SELECT reading_passages.id, reading_passages.title, reading_passages.passage_text, reading_passages.difficulty, reading_passages.created_at 
FROM reading_passages ORDER BY reading_passages.created_at DESC 
 LIMIT $1::INTEGER OFFSET $2::INTEGER
2026-07-26 12:23:18,929 INFO sqlalchemy.engine.Engine [cached since 84.69s ago] (10, 0)
INFO:     127.0.0.1:57095 - "GET /api/v1/admin/mock-tests/reading?page=1&limit=10&search= HTTP/1.1" 200 OK
2026-07-26 12:23:18,929 INFO sqlalchemy.engine.Engine ROLLBACK
2026-07-26 12:23:18,929 INFO sqlalchemy.engine.Engine BEGIN (implicit)
2026-07-26 12:23:18,943 INFO sqlalchemy.engine.Engine SELECT users.id, users.email, users.full_name, users.hashed_password, users.target_band, users.role, users.current_speaking_level, users.current_listening_level, users.created_at 
FROM users 
WHERE users.id = $1::INTEGER
2026-07-26 12:23:18,944 INFO sqlalchemy.engine.Engine [cached since 111.2s ago] (3,)
2026-07-26 12:23:18,944 INFO sqlalchemy.engine.Engine SELECT count(reading_passages.id) AS count_1 
FROM reading_passages
2026-07-26 12:23:18,944 INFO sqlalchemy.engine.Engine [cached since 111.1s ago] ()
2026-07-26 12:23:18,944 INFO sqlalchemy.engine.Engine SELECT reading_passages.id, reading_passages.title, reading_passages.passage_text, reading_passages.difficulty, reading_passages.created_at 
FROM reading_passages ORDER BY reading_passages.created_at DESC 
 LIMIT $1::INTEGER OFFSET $2::INTEGER
2026-07-26 12:23:18,960 INFO sqlalchemy.engine.Engine [cached since 84.72s ago] (10, 0)
INFO:     127.0.0.1:52774 - "GET /api/v1/admin/mock-tests/reading?page=1&limit=10&search= HTTP/1.1" 200 OK
2026-07-26 12:23:18,960 INFO sqlalchemy.engine.Engine ROLLBACK
2026-07-26 12:23:25,100 INFO sqlalchemy.engine.Engine BEGIN (implicit)
2026-07-26 12:23:25,103 INFO sqlalchemy.engine.Engine SELECT users.id, users.email, users.full_name, users.hashed_password, users.target_band, users.role, users.current_speaking_level, users.current_listening_level, users.created_at 
FROM users 
WHERE users.id = $1::INTEGER
2026-07-26 12:23:25,107 INFO sqlalchemy.engine.Engine [cached since 117.3s ago] (3,)
2026-07-26 12:23:25,116 INFO sqlalchemy.engine.Engine BEGIN (implicit)
2026-07-26 12:23:25,116 INFO sqlalchemy.engine.Engine SELECT users.id, users.email, users.full_name, users.hashed_password, users.target_band, users.role, users.current_speaking_level, users.current_listening_level, users.created_at 
FROM users 
WHERE users.id = $1::INTEGER
2026-07-26 12:23:25,116 INFO sqlalchemy.engine.Engine [cached since 117.4s ago] (3,)
2026-07-26 12:23:25,125 INFO sqlalchemy.engine.Engine SELECT count(reading_questions.id) AS count_1 
FROM reading_questions JOIN reading_passages ON reading_questions.passage_id = reading_passages.id
2026-07-26 12:23:25,125 INFO sqlalchemy.engine.Engine [cached since 85.89s ago] ()
2026-07-26 12:23:25,133 INFO sqlalchemy.engine.Engine SELECT reading_questions.id, reading_questions.passage_id, reading_questions.question_type, reading_questions.question_text, reading_questions.options, reading_questions.correct_answer, reading_questions.skill_type 
FROM reading_questions JOIN reading_passages ON reading_questions.passage_id = reading_passages.id ORDER BY reading_questions.id DESC 
 LIMIT $1::INTEGER OFFSET $2::INTEGER
2026-07-26 12:23:25,133 INFO sqlalchemy.engine.Engine [cached since 85.87s ago] (10, 0)
2026-07-26 12:23:25,141 INFO sqlalchemy.engine.Engine SELECT count(reading_passages.id) AS count_1 
FROM reading_passages
2026-07-26 12:23:25,141 INFO sqlalchemy.engine.Engine [cached since 117.3s ago] ()
INFO:     127.0.0.1:52535 - "GET /api/v1/admin/question-bank?page=1&limit=10&search=&question_type=&skill_type= HTTP/1.1" 200 OK
2026-07-26 12:23:25,149 INFO sqlalchemy.engine.Engine ROLLBACK
2026-07-26 12:23:25,149 INFO sqlalchemy.engine.Engine SELECT reading_passages.id, reading_passages.title, reading_passages.passage_text, reading_passages.difficulty, reading_passages.created_at 
FROM reading_passages ORDER BY reading_passages.created_at DESC 
 LIMIT $1::INTEGER OFFSET $2::INTEGER
2026-07-26 12:23:25,158 INFO sqlalchemy.engine.Engine [cached since 90.92s ago] (100, 0)
INFO:     127.0.0.1:53668 - "GET /api/v1/admin/mock-tests/reading?limit=100 HTTP/1.1" 200 OK
2026-07-26 12:23:25,166 INFO sqlalchemy.engine.Engine BEGIN (implicit)
2026-07-26 12:23:25,166 INFO sqlalchemy.engine.Engine SELECT users.id, users.email, users.full_name, users.hashed_password, users.target_band, users.role, users.current_speaking_level, users.current_listening_level, users.created_at 
FROM users 
WHERE users.id = $1::INTEGER
2026-07-26 12:23:25,166 INFO sqlalchemy.engine.Engine [cached since 117.4s ago] (3,)
2026-07-26 12:23:25,174 INFO sqlalchemy.engine.Engine ROLLBACK
2026-07-26 12:23:25,174 INFO sqlalchemy.engine.Engine BEGIN (implicit)
2026-07-26 12:23:25,183 INFO sqlalchemy.engine.Engine SELECT users.id, users.email, users.full_name, users.hashed_password, users.target_band, users.role, users.current_speaking_level, users.current_listening_level, users.created_at 
FROM users 
WHERE users.id = $1::INTEGER
2026-07-26 12:23:25,183 INFO sqlalchemy.engine.Engine [cached since 117.4s ago] (3,)
2026-07-26 12:23:25,192 INFO sqlalchemy.engine.Engine SELECT count(reading_questions.id) AS count_1 
FROM reading_questions JOIN reading_passages ON reading_questions.passage_id = reading_passages.id
2026-07-26 12:23:25,192 INFO sqlalchemy.engine.Engine [cached since 85.96s ago] ()
2026-07-26 12:23:25,200 INFO sqlalchemy.engine.Engine SELECT count(reading_passages.id) AS count_1 
FROM reading_passages
2026-07-26 12:23:25,200 INFO sqlalchemy.engine.Engine [cached since 117.4s ago] ()
2026-07-26 12:23:25,208 INFO sqlalchemy.engine.Engine SELECT reading_questions.id, reading_questions.passage_id, reading_questions.question_type, reading_questions.question_text, reading_questions.options, reading_questions.correct_answer, reading_questions.skill_type 
FROM reading_questions JOIN reading_passages ON reading_questions.passage_id = reading_passages.id ORDER BY reading_questions.id DESC 
 LIMIT $1::INTEGER OFFSET $2::INTEGER
2026-07-26 12:23:25,208 INFO sqlalchemy.engine.Engine [cached since 85.95s ago] (10, 0)
2026-07-26 12:23:25,217 INFO sqlalchemy.engine.Engine SELECT reading_passages.id, reading_passages.title, reading_passages.passage_text, reading_passages.difficulty, reading_passages.created_at 
FROM reading_passages ORDER BY reading_passages.created_at DESC 
 LIMIT $1::INTEGER OFFSET $2::INTEGER
2026-07-26 12:23:25,217 INFO sqlalchemy.engine.Engine [cached since 90.98s ago] (100, 0)
INFO:     127.0.0.1:55630 - "GET /api/v1/admin/question-bank?page=1&limit=10&search=&question_type=&skill_type= HTTP/1.1" 200 OK
2026-07-26 12:23:25,225 INFO sqlalchemy.engine.Engine ROLLBACK
INFO:     127.0.0.1:52535 - "GET /api/v1/admin/mock-tests/reading?limit=100 HTTP/1.1" 200 OK
2026-07-26 12:23:25,233 INFO sqlalchemy.engine.Engine ROLLBACK
2026-07-26 12:23:26,985 INFO sqlalchemy.engine.Engine BEGIN (implicit)
2026-07-26 12:23:26,990 INFO sqlalchemy.engine.Engine SELECT users.id, users.email, users.full_name, users.hashed_password, users.target_band, users.role, users.current_speaking_level, users.current_listening_level, users.created_at 
FROM users 
WHERE users.id = $1::INTEGER
2026-07-26 12:23:26,991 INFO sqlalchemy.engine.Engine [cached since 119.2s ago] (3,)
2026-07-26 12:23:26,999 INFO sqlalchemy.engine.Engine SELECT count(reading_attempts.id) AS count_1 
FROM reading_attempts JOIN users ON reading_attempts.user_id = users.id
2026-07-26 12:23:26,999 INFO sqlalchemy.engine.Engine [cached since 85.94s ago] ()
2026-07-26 12:23:27,007 INFO sqlalchemy.engine.Engine SELECT reading_attempts.id, reading_attempts.user_id, reading_attempts.passage_id, reading_attempts.score, reading_attempts.total_questions, reading_attempts.created_at, reading_attempts.skill_type, users.full_name, users.email 
FROM reading_attempts JOIN users ON reading_attempts.user_id = users.id ORDER BY reading_attempts.created_at DESC 
 LIMIT $1::INTEGER OFFSET $2::INTEGER
2026-07-26 12:23:27,007 INFO sqlalchemy.engine.Engine [cached since 85.94s ago] (10, 0)
INFO:     127.0.0.1:52535 - "GET /api/v1/admin/results?page=1&limit=10&search= HTTP/1.1" 200 OK
2026-07-26 12:23:27,015 INFO sqlalchemy.engine.Engine ROLLBACK
2026-07-26 12:23:27,019 INFO sqlalchemy.engine.Engine BEGIN (implicit)
2026-07-26 12:23:27,019 INFO sqlalchemy.engine.Engine SELECT users.id, users.email, users.full_name, users.hashed_password, users.target_band, users.role, users.current_speaking_level, users.current_listening_level, users.created_at 
FROM users 
WHERE users.id = $1::INTEGER
2026-07-26 12:23:27,024 INFO sqlalchemy.engine.Engine [cached since 119.3s ago] (3,)
2026-07-26 12:23:27,024 INFO sqlalchemy.engine.Engine SELECT count(reading_attempts.id) AS count_1 
FROM reading_attempts JOIN users ON reading_attempts.user_id = users.id
2026-07-26 12:23:27,024 INFO sqlalchemy.engine.Engine [cached since 85.97s ago] ()
2026-07-26 12:23:27,034 INFO sqlalchemy.engine.Engine SELECT reading_attempts.id, reading_attempts.user_id, reading_attempts.passage_id, reading_attempts.score, reading_attempts.total_questions, reading_attempts.created_at, reading_attempts.skill_type, users.full_name, users.email 
FROM reading_attempts JOIN users ON reading_attempts.user_id = users.id ORDER BY reading_attempts.created_at DESC 
 LIMIT $1::INTEGER OFFSET $2::INTEGER
2026-07-26 12:23:27,041 INFO sqlalchemy.engine.Engine [cached since 85.97s ago] (10, 0)
INFO:     127.0.0.1:55630 - "GET /api/v1/admin/results?page=1&limit=10&search= HTTP/1.1" 200 OK
2026-07-26 12:23:27,041 INFO sqlalchemy.engine.Engine ROLLBACK
2026-07-26 12:23:29,470 INFO sqlalchemy.engine.Engine BEGIN (implicit)
2026-07-26 12:23:29,474 INFO sqlalchemy.engine.Engine SELECT users.id, users.email, users.full_name, users.hashed_password, users.target_band, users.role, users.current_speaking_level, users.current_listening_level, users.created_at 
FROM users 
WHERE users.id = $1::INTEGER
2026-07-26 12:23:29,474 INFO sqlalchemy.engine.Engine [cached since 121.7s ago] (3,)
2026-07-26 12:23:29,481 INFO sqlalchemy.engine.Engine BEGIN (implicit)
2026-07-26 12:23:29,482 INFO sqlalchemy.engine.Engine SELECT users.id, users.email, users.full_name, users.hashed_password, users.target_band, users.role, users.current_speaking_level, users.current_listening_level, users.created_at 
FROM users 
WHERE users.id = $1::INTEGER
2026-07-26 12:23:29,484 INFO sqlalchemy.engine.Engine [cached since 121.7s ago] (3,)
2026-07-26 12:23:29,484 INFO sqlalchemy.engine.Engine SELECT date(users.created_at) AS date, count(users.id) AS count 
FROM users 
WHERE users.created_at >= $1::TIMESTAMP WITH TIME ZONE GROUP BY date(users.created_at) ORDER BY date(users.created_at)
2026-07-26 12:23:29,490 INFO sqlalchemy.engine.Engine [cached since 121.7s ago] (datetime.datetime(2026, 6, 26, 6, 38, 29, 484749),)
2026-07-26 12:23:29,491 INFO sqlalchemy.engine.Engine SELECT count(users.id) AS count_1 
FROM users 
WHERE users.role = $1::VARCHAR
2026-07-26 12:23:29,491 INFO sqlalchemy.engine.Engine [cached since 121.7s ago] ('student',)
2026-07-26 12:23:29,500 INFO sqlalchemy.engine.Engine SELECT date(reading_attempts.created_at) AS date, count(reading_attempts.id) AS count 
FROM reading_attempts 
WHERE reading_attempts.created_at >= $1::TIMESTAMP WITH TIME ZONE GROUP BY date(reading_attempts.created_at) ORDER BY date(reading_attempts.created_at)
2026-07-26 12:23:29,500 INFO sqlalchemy.engine.Engine [cached since 121.6s ago] (datetime.datetime(2026, 6, 26, 6, 38, 29, 484749),)
2026-07-26 12:23:29,508 INFO sqlalchemy.engine.Engine SELECT count(users.id) AS count_1 
FROM users
2026-07-26 12:23:29,508 INFO sqlalchemy.engine.Engine [cached since 121.7s ago] ()
2026-07-26 12:23:29,516 INFO sqlalchemy.engine.Engine SELECT count(study_resources.id) AS count_1 
FROM study_resources
2026-07-26 12:23:29,516 INFO sqlalchemy.engine.Engine [cached since 121.7s ago] ()
2026-07-26 12:23:29,525 INFO sqlalchemy.engine.Engine SELECT reading_passages.difficulty, avg((reading_attempts.score * $1::FLOAT) / CAST(reading_attempts.total_questions AS NUMERIC)) AS avg_1 
FROM reading_attempts JOIN reading_passages ON reading_attempts.passage_id = reading_passages.id 
WHERE reading_attempts.score IS NOT NULL GROUP BY reading_passages.difficulty
2026-07-26 12:23:29,525 INFO sqlalchemy.engine.Engine [cached since 121.7s ago] (100.0,)
2026-07-26 12:23:29,533 INFO sqlalchemy.engine.Engine SELECT count(reading_passages.id) AS count_1 
FROM reading_passages
2026-07-26 12:23:29,536 INFO sqlalchemy.engine.Engine [cached since 121.7s ago] ()
2026-07-26 12:23:29,541 INFO sqlalchemy.engine.Engine SELECT count(reading_questions.id) AS count_1 
FROM reading_questions
2026-07-26 12:23:29,541 INFO sqlalchemy.engine.Engine [cached since 121.7s ago] ()
INFO:     127.0.0.1:55630 - "GET /api/v1/admin/analytics/overview HTTP/1.1" 200 OK
2026-07-26 12:23:29,551 INFO sqlalchemy.engine.Engine ROLLBACK
2026-07-26 12:23:29,558 INFO sqlalchemy.engine.Engine BEGIN (implicit)
2026-07-26 12:23:29,558 INFO sqlalchemy.engine.Engine SELECT users.id, users.email, users.full_name, users.hashed_password, users.target_band, users.role, users.current_speaking_level, users.current_listening_level, users.created_at 
FROM users 
WHERE users.id = $1::INTEGER
2026-07-26 12:23:29,558 INFO sqlalchemy.engine.Engine [cached since 121.8s ago] (3,)
2026-07-26 12:23:29,568 INFO sqlalchemy.engine.Engine SELECT count(reading_attempts.id) AS count_1 
FROM reading_attempts
2026-07-26 12:23:29,568 INFO sqlalchemy.engine.Engine [cached since 121.7s ago] ()
2026-07-26 12:23:29,576 INFO sqlalchemy.engine.Engine SELECT date(users.created_at) AS date, count(users.id) AS count 
FROM users 
WHERE users.created_at >= $1::TIMESTAMP WITH TIME ZONE GROUP BY date(users.created_at) ORDER BY date(users.created_at)
2026-07-26 12:23:29,582 INFO sqlalchemy.engine.Engine [cached since 121.7s ago] (datetime.datetime(2026, 6, 26, 6, 38, 29, 576634),)
2026-07-26 12:23:29,583 INFO sqlalchemy.engine.Engine SELECT avg((reading_attempts.score * $1::FLOAT) / CAST(reading_attempts.total_questions AS NUMERIC)) AS avg_1 
FROM reading_attempts 
WHERE reading_attempts.score IS NOT NULL
2026-07-26 12:23:29,590 INFO sqlalchemy.engine.Engine [cached since 121.7s ago] (100.0,)
2026-07-26 12:23:29,591 INFO sqlalchemy.engine.Engine SELECT date(reading_attempts.created_at) AS date, count(reading_attempts.id) AS count 
FROM reading_attempts 
WHERE reading_attempts.created_at >= $1::TIMESTAMP WITH TIME ZONE GROUP BY date(reading_attempts.created_at) ORDER BY date(reading_attempts.created_at)
2026-07-26 12:23:29,599 INFO sqlalchemy.engine.Engine [cached since 121.7s ago] (datetime.datetime(2026, 6, 26, 6, 38, 29, 576634),)
2026-07-26 12:23:29,600 INFO sqlalchemy.engine.Engine SELECT reading_passages.difficulty, avg((reading_attempts.score * $1::FLOAT) / CAST(reading_attempts.total_questions AS NUMERIC)) AS avg_1 
FROM reading_attempts JOIN reading_passages ON reading_attempts.passage_id = reading_passages.id 
WHERE reading_attempts.score IS NOT NULL GROUP BY reading_passages.difficulty
2026-07-26 12:23:29,600 INFO sqlalchemy.engine.Engine [cached since 121.7s ago] (100.0,)
2026-07-26 12:23:29,609 INFO sqlalchemy.engine.Engine SELECT users.id, users.email, users.full_name, users.hashed_password, users.target_band, users.role, users.current_speaking_level, users.current_listening_level, users.created_at 
FROM users ORDER BY users.created_at DESC 
 LIMIT $1::INTEGER
2026-07-26 12:23:29,609 INFO sqlalchemy.engine.Engine [cached since 121.7s ago] (5,)
INFO:     127.0.0.1:53668 - "GET /api/v1/admin/analytics/overview HTTP/1.1" 200 OK
2026-07-26 12:23:29,616 INFO sqlalchemy.engine.Engine ROLLBACK
2026-07-26 12:23:29,624 INFO sqlalchemy.engine.Engine SELECT users.role, count(users.id) AS count_1 
FROM users GROUP BY users.role
2026-07-26 12:23:29,624 INFO sqlalchemy.engine.Engine [cached since 121.7s ago] ()
INFO:     127.0.0.1:52535 - "GET /api/v1/admin/dashboard/stats HTTP/1.1" 200 OK
2026-07-26 12:23:29,634 INFO sqlalchemy.engine.Engine ROLLBACK
2026-07-26 12:23:29,634 INFO sqlalchemy.engine.Engine BEGIN (implicit)
2026-07-26 12:23:29,642 INFO sqlalchemy.engine.Engine SELECT users.id, users.email, users.full_name, users.hashed_password, users.target_band, users.role, users.current_speaking_level, users.current_listening_level, users.created_at 
FROM users 
WHERE users.id = $1::INTEGER
2026-07-26 12:23:29,644 INFO sqlalchemy.engine.Engine [cached since 121.9s ago] (3,)
2026-07-26 12:23:29,648 INFO sqlalchemy.engine.Engine SELECT count(users.id) AS count_1 
FROM users 
WHERE users.role = $1::VARCHAR
2026-07-26 12:23:29,650 INFO sqlalchemy.engine.Engine [cached since 121.9s ago] ('student',)
2026-07-26 12:23:29,653 INFO sqlalchemy.engine.Engine SELECT count(users.id) AS count_1 
FROM users
2026-07-26 12:23:29,654 INFO sqlalchemy.engine.Engine [cached since 121.8s ago] ()
2026-07-26 12:23:29,657 INFO sqlalchemy.engine.Engine SELECT count(study_resources.id) AS count_1 
FROM study_resources
2026-07-26 12:23:29,659 INFO sqlalchemy.engine.Engine [cached since 121.8s ago] ()
2026-07-26 12:23:29,661 INFO sqlalchemy.engine.Engine SELECT count(reading_passages.id) AS count_1 
FROM reading_passages
2026-07-26 12:23:29,663 INFO sqlalchemy.engine.Engine [cached since 121.8s ago] ()
2026-07-26 12:23:29,665 INFO sqlalchemy.engine.Engine SELECT count(reading_questions.id) AS count_1 
FROM reading_questions
2026-07-26 12:23:29,667 INFO sqlalchemy.engine.Engine [cached since 121.8s ago] ()
2026-07-26 12:23:29,669 INFO sqlalchemy.engine.Engine SELECT count(reading_attempts.id) AS count_1 
FROM reading_attempts
2026-07-26 12:23:29,669 INFO sqlalchemy.engine.Engine [cached since 121.8s ago] ()
2026-07-26 12:23:29,672 INFO sqlalchemy.engine.Engine SELECT avg((reading_attempts.score * $1::FLOAT) / CAST(reading_attempts.total_questions AS NUMERIC)) AS avg_1 
FROM reading_attempts 
WHERE reading_attempts.score IS NOT NULL
2026-07-26 12:23:29,673 INFO sqlalchemy.engine.Engine [cached since 121.8s ago] (100.0,)
2026-07-26 12:23:29,675 INFO sqlalchemy.engine.Engine SELECT users.id, users.email, users.full_name, users.hashed_password, users.target_band, users.role, users.current_speaking_level, users.current_listening_level, users.created_at 
FROM users ORDER BY users.created_at DESC 
 LIMIT $1::INTEGER
2026-07-26 12:23:29,677 INFO sqlalchemy.engine.Engine [cached since 121.8s ago] (5,)
2026-07-26 12:23:29,680 INFO sqlalchemy.engine.Engine SELECT users.role, count(users.id) AS count_1 
FROM users GROUP BY users.role
2026-07-26 12:23:29,680 INFO sqlalchemy.engine.Engine [cached since 121.8s ago] ()
INFO:     127.0.0.1:53668 - "GET /api/v1/admin/dashboard/stats HTTP/1.1" 200 OK
2026-07-26 12:23:29,685 INFO sqlalchemy.engine.Engine ROLLBACK
2026-07-26 12:23:35,634 INFO sqlalchemy.engine.Engine BEGIN (implicit)
2026-07-26 12:23:35,634 INFO sqlalchemy.engine.Engine SELECT users.id, users.email, users.full_name, users.hashed_password, users.target_band, users.role, users.current_speaking_level, users.current_listening_level, users.created_at 
FROM users 
WHERE users.id = $1::INTEGER
2026-07-26 12:23:35,640 INFO sqlalchemy.engine.Engine [cached since 127.9s ago] (3,)
INFO:     127.0.0.1:56814 - "GET /api/v1/admin/notifications HTTP/1.1" 200 OK
2026-07-26 12:23:35,641 INFO sqlalchemy.engine.Engine ROLLBACK
2026-07-26 12:23:35,650 INFO sqlalchemy.engine.Engine BEGIN (implicit)
2026-07-26 12:23:35,650 INFO sqlalchemy.engine.Engine SELECT users.id, users.email, users.full_name, users.hashed_password, users.target_band, users.role, users.current_speaking_level, users.current_listening_level, users.created_at 
FROM users 
WHERE users.id = $1::INTEGER
2026-07-26 12:23:35,650 INFO sqlalchemy.engine.Engine [cached since 127.9s ago] (3,)
INFO:     127.0.0.1:60175 - "GET /api/v1/admin/notifications HTTP/1.1" 200 OK
2026-07-26 12:23:35,657 INFO sqlalchemy.engine.Engine ROLLBACK
2026-07-26 12:23:39,188 INFO sqlalchemy.engine.Engine BEGIN (implicit)
2026-07-26 12:23:39,193 INFO sqlalchemy.engine.Engine SELECT users.id, users.email, users.full_name, users.hashed_password, users.target_band, users.role, users.current_speaking_level, users.current_listening_level, users.created_at 
FROM users 
WHERE users.id = $1::INTEGER
2026-07-26 12:23:39,193 INFO sqlalchemy.engine.Engine [cached since 131.4s ago] (3,)
INFO:     127.0.0.1:60175 - "GET /api/v1/admin/settings HTTP/1.1" 200 OK
2026-07-26 12:23:39,199 INFO sqlalchemy.engine.Engine ROLLBACK
2026-07-26 12:23:39,207 INFO sqlalchemy.engine.Engine BEGIN (implicit)
2026-07-26 12:23:39,207 INFO sqlalchemy.engine.Engine SELECT users.id, users.email, users.full_name, users.hashed_password, users.target_band, users.role, users.current_speaking_level, users.current_listening_level, users.created_at 
FROM users 
WHERE users.id = $1::INTEGER
2026-07-26 12:23:39,207 INFO sqlalchemy.engine.Engine [cached since 131.4s ago] (3,)
INFO:     127.0.0.1:56814 - "GET /api/v1/admin/settings HTTP/1.1" 200 OK
2026-07-26 12:23:39,215 INFO sqlalchemy.engine.Engine ROLLBACK
2026-07-26 12:24:17,203 INFO sqlalchemy.engine.Engine BEGIN (implicit)
2026-07-26 12:24:17,209 INFO sqlalchemy.engine.Engine SELECT users.id, users.email, users.full_name, users.hashed_password, users.target_band, users.role, users.current_speaking_level, users.current_listening_level, users.created_at 
FROM users 
WHERE users.id = $1::INTEGER
2026-07-26 12:24:17,209 INFO sqlalchemy.engine.Engine [cached since 169.5s ago] (3,)
2026-07-26 12:24:17,215 INFO sqlalchemy.engine.Engine SELECT count(study_resources.id) AS count_1 
FROM study_resources
2026-07-26 12:24:17,221 INFO sqlalchemy.engine.Engine [cached since 169.4s ago] ()
2026-07-26 12:24:17,224 INFO sqlalchemy.engine.Engine SELECT study_resources.id, study_resources.title, study_resources.description, study_resources.category, study_resources.file_name, study_resources.file_path, study_resources.file_size, study_resources.file_type, study_resources.thumbnail_url, study_resources.duration, study_resources.download_count, study_resources.uploaded_by, study_resources.created_at, study_resources.updated_at 
FROM study_resources ORDER BY study_resources.created_at DESC 
 LIMIT $1::INTEGER OFFSET $2::INTEGER
2026-07-26 12:24:17,233 INFO sqlalchemy.engine.Engine [cached since 150.6s ago] (10, 0)
INFO:     127.0.0.1:63437 - "GET /api/v1/admin/resources?page=1&limit=10&search=&category= HTTP/1.1" 200 OK
2026-07-26 12:24:17,241 INFO sqlalchemy.engine.Engine ROLLBACK
2026-07-26 12:24:17,247 INFO sqlalchemy.engine.Engine BEGIN (implicit)
2026-07-26 12:24:17,247 INFO sqlalchemy.engine.Engine SELECT users.id, users.email, users.full_name, users.hashed_password, users.target_band, users.role, users.current_speaking_level, users.current_listening_level, users.created_at 
FROM users 
WHERE users.id = $1::INTEGER
2026-07-26 12:24:17,252 INFO sqlalchemy.engine.Engine [cached since 169.5s ago] (3,)
2026-07-26 12:24:17,259 INFO sqlalchemy.engine.Engine SELECT count(study_resources.id) AS count_1 
FROM study_resources
2026-07-26 12:24:17,261 INFO sqlalchemy.engine.Engine [cached since 169.5s ago] ()
2026-07-26 12:24:17,267 INFO sqlalchemy.engine.Engine SELECT study_resources.id, study_resources.title, study_resources.description, study_resources.category, study_resources.file_name, study_resources.file_path, study_resources.file_size, study_resources.file_type, study_resources.thumbnail_url, study_resources.duration, study_resources.download_count, study_resources.uploaded_by, study_resources.created_at, study_resources.updated_at 
FROM study_resources ORDER BY study_resources.created_at DESC 
 LIMIT $1::INTEGER OFFSET $2::INTEGER
2026-07-26 12:24:17,269 INFO sqlalchemy.engine.Engine [cached since 150.7s ago] (10, 0)
INFO:     127.0.0.1:49900 - "GET /api/v1/admin/resources?page=1&limit=10&search=&category= HTTP/1.1" 200 OK
2026-07-26 12:24:17,275 INFO sqlalchemy.engine.Engine ROLLBACK
2026-07-26 12:24:18,173 INFO sqlalchemy.engine.Engine BEGIN (implicit)
2026-07-26 12:24:18,176 INFO sqlalchemy.engine.Engine SELECT users.id, users.email, users.full_name, users.hashed_password, users.target_band, users.role, users.current_speaking_level, users.current_listening_level, users.created_at 
FROM users 
WHERE users.id = $1::INTEGER
2026-07-26 12:24:18,178 INFO sqlalchemy.engine.Engine [cached since 170.4s ago] (3,)
2026-07-26 12:24:18,181 INFO sqlalchemy.engine.Engine BEGIN (implicit)
2026-07-26 12:24:18,181 INFO sqlalchemy.engine.Engine SELECT users.id, users.email, users.full_name, users.hashed_password, users.target_band, users.role, users.current_speaking_level, users.current_listening_level, users.created_at 
FROM users 
WHERE users.id = $1::INTEGER
2026-07-26 12:24:18,181 INFO sqlalchemy.engine.Engine [cached since 170.4s ago] (3,)
2026-07-26 12:24:18,190 INFO sqlalchemy.engine.Engine SELECT count(users.id) AS count_1 
FROM users 
WHERE users.role = $1::VARCHAR
2026-07-26 12:24:18,190 INFO sqlalchemy.engine.Engine [cached since 170.4s ago] ('student',)
2026-07-26 12:24:18,198 INFO sqlalchemy.engine.Engine SELECT date(users.created_at) AS date, count(users.id) AS count 
FROM users 
WHERE users.created_at >= $1::TIMESTAMP WITH TIME ZONE GROUP BY date(users.created_at) ORDER BY date(users.created_at)
2026-07-26 12:24:18,198 INFO sqlalchemy.engine.Engine [cached since 170.4s ago] (datetime.datetime(2026, 6, 26, 6, 39, 18, 198542),)
2026-07-26 12:24:18,206 INFO sqlalchemy.engine.Engine SELECT count(users.id) AS count_1 
FROM users
2026-07-26 12:24:18,206 INFO sqlalchemy.engine.Engine [cached since 170.4s ago] ()
2026-07-26 12:24:18,214 INFO sqlalchemy.engine.Engine SELECT date(reading_attempts.created_at) AS date, count(reading_attempts.id) AS count 
FROM reading_attempts 
WHERE reading_attempts.created_at >= $1::TIMESTAMP WITH TIME ZONE GROUP BY date(reading_attempts.created_at) ORDER BY date(reading_attempts.created_at)
2026-07-26 12:24:18,215 INFO sqlalchemy.engine.Engine [cached since 170.4s ago] (datetime.datetime(2026, 6, 26, 6, 39, 18, 198542),)
2026-07-26 12:24:18,215 INFO sqlalchemy.engine.Engine SELECT count(study_resources.id) AS count_1 
FROM study_resources
2026-07-26 12:24:18,215 INFO sqlalchemy.engine.Engine [cached since 170.4s ago] ()
2026-07-26 12:24:18,225 INFO sqlalchemy.engine.Engine SELECT reading_passages.difficulty, avg((reading_attempts.score * $1::FLOAT) / CAST(reading_attempts.total_questions AS NUMERIC)) AS avg_1 
FROM reading_attempts JOIN reading_passages ON reading_attempts.passage_id = reading_passages.id 
WHERE reading_attempts.score IS NOT NULL GROUP BY reading_passages.difficulty
2026-07-26 12:24:18,225 INFO sqlalchemy.engine.Engine [cached since 170.4s ago] (100.0,)
2026-07-26 12:24:18,232 INFO sqlalchemy.engine.Engine SELECT count(reading_passages.id) AS count_1 
FROM reading_passages
2026-07-26 12:24:18,232 INFO sqlalchemy.engine.Engine [cached since 170.4s ago] ()
INFO:     127.0.0.1:63437 - "GET /api/v1/admin/analytics/overview HTTP/1.1" 200 OK
2026-07-26 12:24:18,240 INFO sqlalchemy.engine.Engine ROLLBACK
2026-07-26 12:24:18,247 INFO sqlalchemy.engine.Engine SELECT count(reading_questions.id) AS count_1 
FROM reading_questions
2026-07-26 12:24:18,248 INFO sqlalchemy.engine.Engine [cached since 170.4s ago] ()
2026-07-26 12:24:18,248 INFO sqlalchemy.engine.Engine SELECT count(reading_attempts.id) AS count_1 
FROM reading_attempts
2026-07-26 12:24:18,257 INFO sqlalchemy.engine.Engine [cached since 170.4s ago] ()
2026-07-26 12:24:18,257 INFO sqlalchemy.engine.Engine BEGIN (implicit)
2026-07-26 12:24:18,265 INFO sqlalchemy.engine.Engine SELECT users.id, users.email, users.full_name, users.hashed_password, users.target_band, users.role, users.current_speaking_level, users.current_listening_level, users.created_at 
FROM users 
WHERE users.id = $1::INTEGER
2026-07-26 12:24:18,265 INFO sqlalchemy.engine.Engine [cached since 170.5s ago] (3,)
2026-07-26 12:24:18,272 INFO sqlalchemy.engine.Engine SELECT avg((reading_attempts.score * $1::FLOAT) / CAST(reading_attempts.total_questions AS NUMERIC)) AS avg_1 
FROM reading_attempts 
WHERE reading_attempts.score IS NOT NULL
2026-07-26 12:24:18,273 INFO sqlalchemy.engine.Engine [cached since 170.4s ago] (100.0,)
2026-07-26 12:24:18,281 INFO sqlalchemy.engine.Engine SELECT users.id, users.email, users.full_name, users.hashed_password, users.target_band, users.role, users.current_speaking_level, users.current_listening_level, users.created_at 
FROM users ORDER BY users.created_at DESC 
 LIMIT $1::INTEGER
2026-07-26 12:24:18,282 INFO sqlalchemy.engine.Engine [cached since 170.4s ago] (5,)
2026-07-26 12:24:18,290 INFO sqlalchemy.engine.Engine SELECT date(users.created_at) AS date, count(users.id) AS count 
FROM users 
WHERE users.created_at >= $1::TIMESTAMP WITH TIME ZONE GROUP BY date(users.created_at) ORDER BY date(users.created_at)
2026-07-26 12:24:18,290 INFO sqlalchemy.engine.Engine [cached since 170.5s ago] (datetime.datetime(2026, 6, 26, 6, 39, 18, 282612),)
2026-07-26 12:24:18,290 INFO sqlalchemy.engine.Engine SELECT users.role, count(users.id) AS count_1 
FROM users GROUP BY users.role
2026-07-26 12:24:18,300 INFO sqlalchemy.engine.Engine [cached since 170.4s ago] ()
2026-07-26 12:24:18,306 INFO sqlalchemy.engine.Engine SELECT date(reading_attempts.created_at) AS date, count(reading_attempts.id) AS count 
FROM reading_attempts 
WHERE reading_attempts.created_at >= $1::TIMESTAMP WITH TIME ZONE GROUP BY date(reading_attempts.created_at) ORDER BY date(reading_attempts.created_at)
2026-07-26 12:24:18,306 INFO sqlalchemy.engine.Engine [cached since 170.5s ago] (datetime.datetime(2026, 6, 26, 6, 39, 18, 282612),)
INFO:     127.0.0.1:49900 - "GET /api/v1/admin/dashboard/stats HTTP/1.1" 200 OK
2026-07-26 12:24:18,317 INFO sqlalchemy.engine.Engine ROLLBACK
2026-07-26 12:24:18,317 INFO sqlalchemy.engine.Engine SELECT reading_passages.difficulty, avg((reading_attempts.score * $1::FLOAT) / CAST(reading_attempts.total_questions AS NUMERIC)) AS avg_1 
FROM reading_attempts JOIN reading_passages ON reading_attempts.passage_id = reading_passages.id 
WHERE reading_attempts.score IS NOT NULL GROUP BY reading_passages.difficulty
2026-07-26 12:24:18,323 INFO sqlalchemy.engine.Engine [cached since 170.5s ago] (100.0,)
2026-07-26 12:24:18,323 INFO sqlalchemy.engine.Engine BEGIN (implicit)
2026-07-26 12:24:18,332 INFO sqlalchemy.engine.Engine SELECT users.id, users.email, users.full_name, users.hashed_password, users.target_band, users.role, users.current_speaking_level, users.current_listening_level, users.created_at 
FROM users 
WHERE users.id = $1::INTEGER
2026-07-26 12:24:18,333 INFO sqlalchemy.engine.Engine [cached since 170.6s ago] (3,)
INFO:     127.0.0.1:58656 - "GET /api/v1/admin/analytics/overview HTTP/1.1" 200 OK
2026-07-26 12:24:18,337 INFO sqlalchemy.engine.Engine ROLLBACK
2026-07-26 12:24:18,339 INFO sqlalchemy.engine.Engine SELECT count(users.id) AS count_1 
FROM users 
WHERE users.role = $1::VARCHAR
2026-07-26 12:24:18,341 INFO sqlalchemy.engine.Engine [cached since 170.6s ago] ('student',)
2026-07-26 12:24:18,343 INFO sqlalchemy.engine.Engine SELECT count(users.id) AS count_1 
FROM users
2026-07-26 12:24:18,345 INFO sqlalchemy.engine.Engine [cached since 170.5s ago] ()
2026-07-26 12:24:18,347 INFO sqlalchemy.engine.Engine SELECT count(study_resources.id) AS count_1 
FROM study_resources
2026-07-26 12:24:18,349 INFO sqlalchemy.engine.Engine [cached since 170.5s ago] ()
2026-07-26 12:24:18,351 INFO sqlalchemy.engine.Engine SELECT count(reading_passages.id) AS count_1 
FROM reading_passages
2026-07-26 12:24:18,352 INFO sqlalchemy.engine.Engine [cached since 170.5s ago] ()
2026-07-26 12:24:18,355 INFO sqlalchemy.engine.Engine SELECT count(reading_questions.id) AS count_1 
FROM reading_questions
2026-07-26 12:24:18,357 INFO sqlalchemy.engine.Engine [cached since 170.5s ago] ()
2026-07-26 12:24:18,359 INFO sqlalchemy.engine.Engine SELECT count(reading_attempts.id) AS count_1 
FROM reading_attempts
2026-07-26 12:24:18,361 INFO sqlalchemy.engine.Engine [cached since 170.5s ago] ()
2026-07-26 12:24:18,362 INFO sqlalchemy.engine.Engine SELECT avg((reading_attempts.score * $1::FLOAT) / CAST(reading_attempts.total_questions AS NUMERIC)) AS avg_1 
FROM reading_attempts 
WHERE reading_attempts.score IS NOT NULL
2026-07-26 12:24:18,365 INFO sqlalchemy.engine.Engine [cached since 170.5s ago] (100.0,)
2026-07-26 12:24:18,365 INFO sqlalchemy.engine.Engine SELECT users.id, users.email, users.full_name, users.hashed_password, users.target_band, users.role, users.current_speaking_level, users.current_listening_level, users.created_at 
FROM users ORDER BY users.created_at DESC 
 LIMIT $1::INTEGER
2026-07-26 12:24:18,365 INFO sqlalchemy.engine.Engine [cached since 170.5s ago] (5,)
2026-07-26 12:24:18,365 INFO sqlalchemy.engine.Engine SELECT users.role, count(users.id) AS count_1 
FROM users GROUP BY users.role
2026-07-26 12:24:18,372 INFO sqlalchemy.engine.Engine [cached since 170.5s ago] ()
INFO:     127.0.0.1:63437 - "GET /api/v1/admin/dashboard/stats HTTP/1.1" 200 OK
2026-07-26 12:24:18,374 INFO sqlalchemy.engine.Engine ROLLBACK
2026-07-26 12:27:10,296 INFO sqlalchemy.engine.Engine BEGIN (implicit)
2026-07-26 12:27:10,297 INFO sqlalchemy.engine.Engine SELECT users.id, users.email, users.full_name, users.hashed_password, users.target_band, users.role, users.current_speaking_level, users.current_listening_level, users.created_at 
FROM users 
WHERE users.id = $1::INTEGER
2026-07-26 12:27:10,302 INFO sqlalchemy.engine.Engine [cached since 342.5s ago] (3,)
2026-07-26 12:27:10,310 INFO sqlalchemy.engine.Engine SELECT count(reading_passages.id) AS count_1 
FROM reading_passages
2026-07-26 12:27:10,310 INFO sqlalchemy.engine.Engine [cached since 342.5s ago] ()
2026-07-26 12:27:10,319 INFO sqlalchemy.engine.Engine SELECT reading_passages.id, reading_passages.title, reading_passages.passage_text, reading_passages.difficulty, reading_passages.created_at 
FROM reading_passages ORDER BY reading_passages.created_at DESC 
 LIMIT $1::INTEGER OFFSET $2::INTEGER
2026-07-26 12:27:10,319 INFO sqlalchemy.engine.Engine [cached since 316.1s ago] (10, 0)
INFO:     127.0.0.1:62037 - "GET /api/v1/admin/mock-tests/reading?page=1&limit=10&search= HTTP/1.1" 200 OK
2026-07-26 12:27:10,327 INFO sqlalchemy.engine.Engine ROLLBACK
2026-07-26 12:27:10,334 INFO sqlalchemy.engine.Engine BEGIN (implicit)
2026-07-26 12:27:10,335 INFO sqlalchemy.engine.Engine SELECT users.id, users.email, users.full_name, users.hashed_password, users.target_band, users.role, users.current_speaking_level, users.current_listening_level, users.created_at 
FROM users 
WHERE users.id = $1::INTEGER
2026-07-26 12:27:10,338 INFO sqlalchemy.engine.Engine [cached since 342.6s ago] (3,)
2026-07-26 12:27:10,344 INFO sqlalchemy.engine.Engine SELECT count(reading_passages.id) AS count_1 
FROM reading_passages
2026-07-26 12:27:10,344 INFO sqlalchemy.engine.Engine [cached since 342.5s ago] ()
2026-07-26 12:27:10,344 INFO sqlalchemy.engine.Engine SELECT reading_passages.id, reading_passages.title, reading_passages.passage_text, reading_passages.difficulty, reading_passages.created_at 
FROM reading_passages ORDER BY reading_passages.created_at DESC 
 LIMIT $1::INTEGER OFFSET $2::INTEGER
2026-07-26 12:27:10,352 INFO sqlalchemy.engine.Engine [cached since 316.1s ago] (10, 0)
INFO:     127.0.0.1:60980 - "GET /api/v1/admin/mock-tests/reading?page=1&limit=10&search= HTTP/1.1" 200 OK
2026-07-26 12:27:10,352 INFO sqlalchemy.engine.Engine ROLLBACK
2026-07-26 12:27:11,619 INFO sqlalchemy.engine.Engine BEGIN (implicit)
2026-07-26 12:27:11,623 INFO sqlalchemy.engine.Engine SELECT users.id, users.email, users.full_name, users.hashed_password, users.target_band, users.role, users.current_speaking_level, users.current_listening_level, users.created_at 
FROM users 
WHERE users.id = $1::INTEGER
2026-07-26 12:27:11,626 INFO sqlalchemy.engine.Engine [cached since 343.9s ago] (3,)
2026-07-26 12:27:11,632 INFO sqlalchemy.engine.Engine BEGIN (implicit)
2026-07-26 12:27:11,634 INFO sqlalchemy.engine.Engine SELECT users.id, users.email, users.full_name, users.hashed_password, users.target_band, users.role, users.current_speaking_level, users.current_listening_level, users.created_at 
FROM users 
WHERE users.id = $1::INTEGER
2026-07-26 12:27:11,634 INFO sqlalchemy.engine.Engine [cached since 343.9s ago] (3,)
2026-07-26 12:27:11,643 INFO sqlalchemy.engine.Engine SELECT count(reading_questions.id) AS count_1 
FROM reading_questions JOIN reading_passages ON reading_questions.passage_id = reading_passages.id
2026-07-26 12:27:11,644 INFO sqlalchemy.engine.Engine [cached since 312.4s ago] ()
2026-07-26 12:27:11,644 INFO sqlalchemy.engine.Engine SELECT count(reading_passages.id) AS count_1 
FROM reading_passages
2026-07-26 12:27:11,644 INFO sqlalchemy.engine.Engine [cached since 343.8s ago] ()
2026-07-26 12:27:11,653 INFO sqlalchemy.engine.Engine SELECT reading_passages.id, reading_passages.title, reading_passages.passage_text, reading_passages.difficulty, reading_passages.created_at 
FROM reading_passages ORDER BY reading_passages.created_at DESC 
 LIMIT $1::INTEGER OFFSET $2::INTEGER
2026-07-26 12:27:11,653 INFO sqlalchemy.engine.Engine [cached since 317.4s ago] (100, 0)
2026-07-26 12:27:11,660 INFO sqlalchemy.engine.Engine SELECT reading_questions.id, reading_questions.passage_id, reading_questions.question_type, reading_questions.question_text, reading_questions.options, reading_questions.correct_answer, reading_questions.skill_type 
FROM reading_questions JOIN reading_passages ON reading_questions.passage_id = reading_passages.id ORDER BY reading_questions.id DESC 
 LIMIT $1::INTEGER OFFSET $2::INTEGER
2026-07-26 12:27:11,660 INFO sqlalchemy.engine.Engine [cached since 312.4s ago] (10, 0)
INFO:     127.0.0.1:62037 - "GET /api/v1/admin/mock-tests/reading?limit=100 HTTP/1.1" 200 OK
2026-07-26 12:27:11,669 INFO sqlalchemy.engine.Engine ROLLBACK
2026-07-26 12:27:11,677 INFO sqlalchemy.engine.Engine BEGIN (implicit)
2026-07-26 12:27:11,677 INFO sqlalchemy.engine.Engine SELECT users.id, users.email, users.full_name, users.hashed_password, users.target_band, users.role, users.current_speaking_level, users.current_listening_level, users.created_at 
FROM users 
WHERE users.id = $1::INTEGER
2026-07-26 12:27:11,685 INFO sqlalchemy.engine.Engine [cached since 343.9s ago] (3,)
INFO:     127.0.0.1:60980 - "GET /api/v1/admin/question-bank?page=1&limit=10&search=&question_type=&skill_type= HTTP/1.1" 200 OK
2026-07-26 12:27:11,685 INFO sqlalchemy.engine.Engine ROLLBACK
2026-07-26 12:27:11,694 INFO sqlalchemy.engine.Engine BEGIN (implicit)
2026-07-26 12:27:11,694 INFO sqlalchemy.engine.Engine SELECT users.id, users.email, users.full_name, users.hashed_password, users.target_band, users.role, users.current_speaking_level, users.current_listening_level, users.created_at 
FROM users 
WHERE users.id = $1::INTEGER
2026-07-26 12:27:11,702 INFO sqlalchemy.engine.Engine [cached since 343.9s ago] (3,)
2026-07-26 12:27:11,702 INFO sqlalchemy.engine.Engine SELECT count(reading_passages.id) AS count_1 
FROM reading_passages
2026-07-26 12:27:11,709 INFO sqlalchemy.engine.Engine [cached since 343.9s ago] ()
2026-07-26 12:27:11,713 INFO sqlalchemy.engine.Engine SELECT reading_passages.id, reading_passages.title, reading_passages.passage_text, reading_passages.difficulty, reading_passages.created_at 
FROM reading_passages ORDER BY reading_passages.created_at DESC 
 LIMIT $1::INTEGER OFFSET $2::INTEGER
2026-07-26 12:27:11,713 INFO sqlalchemy.engine.Engine [cached since 317.5s ago] (100, 0)
2026-07-26 12:27:11,721 INFO sqlalchemy.engine.Engine SELECT count(reading_questions.id) AS count_1 
FROM reading_questions JOIN reading_passages ON reading_questions.passage_id = reading_passages.id
2026-07-26 12:27:11,721 INFO sqlalchemy.engine.Engine [cached since 312.5s ago] ()
INFO:     127.0.0.1:60857 - "GET /api/v1/admin/mock-tests/reading?limit=100 HTTP/1.1" 200 OK
2026-07-26 12:27:11,729 INFO sqlalchemy.engine.Engine ROLLBACK
2026-07-26 12:27:11,735 INFO sqlalchemy.engine.Engine SELECT reading_questions.id, reading_questions.passage_id, reading_questions.question_type, reading_questions.question_text, reading_questions.options, reading_questions.correct_answer, reading_questions.skill_type 
FROM reading_questions JOIN reading_passages ON reading_questions.passage_id = reading_passages.id ORDER BY reading_questions.id DESC 
 LIMIT $1::INTEGER OFFSET $2::INTEGER
2026-07-26 12:27:11,735 INFO sqlalchemy.engine.Engine [cached since 312.5s ago] (10, 0)
INFO:     127.0.0.1:62037 - "GET /api/v1/admin/question-bank?page=1&limit=10&search=&question_type=&skill_type= HTTP/1.1" 200 OK
2026-07-26 12:27:11,744 INFO sqlalchemy.engine.Engine ROLLBACK
2026-07-26 12:27:12,779 INFO sqlalchemy.engine.Engine BEGIN (implicit)
2026-07-26 12:27:12,787 INFO sqlalchemy.engine.Engine SELECT users.id, users.email, users.full_name, users.hashed_password, users.target_band, users.role, users.current_speaking_level, users.current_listening_level, users.created_at 
FROM users 
WHERE users.id = $1::INTEGER
2026-07-26 12:27:12,789 INFO sqlalchemy.engine.Engine [cached since 345s ago] (3,)
2026-07-26 12:27:12,795 INFO sqlalchemy.engine.Engine SELECT count(reading_attempts.id) AS count_1 
FROM reading_attempts JOIN users ON reading_attempts.user_id = users.id
2026-07-26 12:27:12,795 INFO sqlalchemy.engine.Engine [cached since 311.7s ago] ()
2026-07-26 12:27:12,802 INFO sqlalchemy.engine.Engine SELECT reading_attempts.id, reading_attempts.user_id, reading_attempts.passage_id, reading_attempts.score, reading_attempts.total_questions, reading_attempts.created_at, reading_attempts.skill_type, users.full_name, users.email 
FROM reading_attempts JOIN users ON reading_attempts.user_id = users.id ORDER BY reading_attempts.created_at DESC 
 LIMIT $1::INTEGER OFFSET $2::INTEGER
2026-07-26 12:27:12,803 INFO sqlalchemy.engine.Engine [cached since 311.7s ago] (10, 0)
INFO:     127.0.0.1:62037 - "GET /api/v1/admin/results?page=1&limit=10&search= HTTP/1.1" 200 OK
2026-07-26 12:27:12,809 INFO sqlalchemy.engine.Engine ROLLBACK
2026-07-26 12:27:12,812 INFO sqlalchemy.engine.Engine BEGIN (implicit)
2026-07-26 12:27:12,812 INFO sqlalchemy.engine.Engine SELECT users.id, users.email, users.full_name, users.hashed_password, users.target_band, users.role, users.current_speaking_level, users.current_listening_level, users.created_at 
FROM users 
WHERE users.id = $1::INTEGER
2026-07-26 12:27:12,818 INFO sqlalchemy.engine.Engine [cached since 345.1s ago] (3,)
2026-07-26 12:27:12,821 INFO sqlalchemy.engine.Engine SELECT count(reading_attempts.id) AS count_1 
FROM reading_attempts JOIN users ON reading_attempts.user_id = users.id
2026-07-26 12:27:12,821 INFO sqlalchemy.engine.Engine [cached since 311.8s ago] ()
2026-07-26 12:27:12,827 INFO sqlalchemy.engine.Engine SELECT reading_attempts.id, reading_attempts.user_id, reading_attempts.passage_id, reading_attempts.score, reading_attempts.total_questions, reading_attempts.created_at, reading_attempts.skill_type, users.full_name, users.email 
FROM reading_attempts JOIN users ON reading_attempts.user_id = users.id ORDER BY reading_attempts.created_at DESC 
 LIMIT $1::INTEGER OFFSET $2::INTEGER
2026-07-26 12:27:12,827 INFO sqlalchemy.engine.Engine [cached since 311.8s ago] (10, 0)
INFO:     127.0.0.1:60857 - "GET /api/v1/admin/results?page=1&limit=10&search= HTTP/1.1" 200 OK
2026-07-26 12:27:12,836 INFO sqlalchemy.engine.Engine ROLLBACK
2026-07-26 12:27:13,732 INFO sqlalchemy.engine.Engine BEGIN (implicit)
2026-07-26 12:27:13,738 INFO sqlalchemy.engine.Engine SELECT users.id, users.email, users.full_name, users.hashed_password, users.target_band, users.role, users.current_speaking_level, users.current_listening_level, users.created_at 
FROM users 
WHERE users.id = $1::INTEGER
2026-07-26 12:27:13,739 INFO sqlalchemy.engine.Engine [cached since 346s ago] (3,)
2026-07-26 12:27:13,746 INFO sqlalchemy.engine.Engine BEGIN (implicit)
2026-07-26 12:27:13,746 INFO sqlalchemy.engine.Engine SELECT users.id, users.email, users.full_name, users.hashed_password, users.target_band, users.role, users.current_speaking_level, users.current_listening_level, users.created_at 
FROM users 
WHERE users.id = $1::INTEGER
2026-07-26 12:27:13,751 INFO sqlalchemy.engine.Engine [cached since 346s ago] (3,)
2026-07-26 12:27:13,753 INFO sqlalchemy.engine.Engine SELECT date(users.created_at) AS date, count(users.id) AS count 
FROM users 
WHERE users.created_at >= $1::TIMESTAMP WITH TIME ZONE GROUP BY date(users.created_at) ORDER BY date(users.created_at)
2026-07-26 12:27:13,753 INFO sqlalchemy.engine.Engine [cached since 345.9s ago] (datetime.datetime(2026, 6, 26, 6, 42, 13, 753542),)
2026-07-26 12:27:13,761 INFO sqlalchemy.engine.Engine SELECT count(users.id) AS count_1 
FROM users 
WHERE users.role = $1::VARCHAR
2026-07-26 12:27:13,761 INFO sqlalchemy.engine.Engine [cached since 346s ago] ('student',)
2026-07-26 12:27:13,761 INFO sqlalchemy.engine.Engine SELECT date(reading_attempts.created_at) AS date, count(reading_attempts.id) AS count 
FROM reading_attempts 
WHERE reading_attempts.created_at >= $1::TIMESTAMP WITH TIME ZONE GROUP BY date(reading_attempts.created_at) ORDER BY date(reading_attempts.created_at)
2026-07-26 12:27:13,769 INFO sqlalchemy.engine.Engine [cached since 345.9s ago] (datetime.datetime(2026, 6, 26, 6, 42, 13, 753542),)
2026-07-26 12:27:13,770 INFO sqlalchemy.engine.Engine SELECT count(users.id) AS count_1 
FROM users
2026-07-26 12:27:13,770 INFO sqlalchemy.engine.Engine [cached since 346s ago] ()
2026-07-26 12:27:13,777 INFO sqlalchemy.engine.Engine SELECT reading_passages.difficulty, avg((reading_attempts.score * $1::FLOAT) / CAST(reading_attempts.total_questions AS NUMERIC)) AS avg_1 
FROM reading_attempts JOIN reading_passages ON reading_attempts.passage_id = reading_passages.id 
WHERE reading_attempts.score IS NOT NULL GROUP BY reading_passages.difficulty
2026-07-26 12:27:13,778 INFO sqlalchemy.engine.Engine [cached since 345.9s ago] (100.0,)
2026-07-26 12:27:13,778 INFO sqlalchemy.engine.Engine SELECT count(study_resources.id) AS count_1 
FROM study_resources
2026-07-26 12:27:13,778 INFO sqlalchemy.engine.Engine [cached since 346s ago] ()
INFO:     127.0.0.1:60857 - "GET /api/v1/admin/analytics/overview HTTP/1.1" 200 OK
2026-07-26 12:27:13,786 INFO sqlalchemy.engine.Engine ROLLBACK
2026-07-26 12:27:13,786 INFO sqlalchemy.engine.Engine SELECT count(reading_passages.id) AS count_1 
FROM reading_passages
2026-07-26 12:27:13,786 INFO sqlalchemy.engine.Engine [cached since 346s ago] ()
2026-07-26 12:27:13,795 INFO sqlalchemy.engine.Engine BEGIN (implicit)
2026-07-26 12:27:13,795 INFO sqlalchemy.engine.Engine SELECT users.id, users.email, users.full_name, users.hashed_password, users.target_band, users.role, users.current_speaking_level, users.current_listening_level, users.created_at 
FROM users 
WHERE users.id = $1::INTEGER
2026-07-26 12:27:13,795 INFO sqlalchemy.engine.Engine [cached since 346s ago] (3,)
2026-07-26 12:27:13,803 INFO sqlalchemy.engine.Engine SELECT count(reading_questions.id) AS count_1 
FROM reading_questions
2026-07-26 12:27:13,803 INFO sqlalchemy.engine.Engine [cached since 346s ago] ()
2026-07-26 12:27:13,809 INFO sqlalchemy.engine.Engine SELECT count(reading_attempts.id) AS count_1 
FROM reading_attempts
2026-07-26 12:27:13,810 INFO sqlalchemy.engine.Engine [cached since 346s ago] ()
2026-07-26 12:27:13,812 INFO sqlalchemy.engine.Engine SELECT date(users.created_at) AS date, count(users.id) AS count 
FROM users 
WHERE users.created_at >= $1::TIMESTAMP WITH TIME ZONE GROUP BY date(users.created_at) ORDER BY date(users.created_at)
2026-07-26 12:27:13,812 INFO sqlalchemy.engine.Engine [cached since 346s ago] (datetime.datetime(2026, 6, 26, 6, 42, 13, 812143),)
2026-07-26 12:27:13,820 INFO sqlalchemy.engine.Engine SELECT avg((reading_attempts.score * $1::FLOAT) / CAST(reading_attempts.total_questions AS NUMERIC)) AS avg_1 
FROM reading_attempts 
WHERE reading_attempts.score IS NOT NULL
2026-07-26 12:27:13,820 INFO sqlalchemy.engine.Engine [cached since 345.9s ago] (100.0,)
2026-07-26 12:27:13,827 INFO sqlalchemy.engine.Engine SELECT date(reading_attempts.created_at) AS date, count(reading_attempts.id) AS count 
FROM reading_attempts 
WHERE reading_attempts.created_at >= $1::TIMESTAMP WITH TIME ZONE GROUP BY date(reading_attempts.created_at) ORDER BY date(reading_attempts.created_at)
2026-07-26 12:27:13,828 INFO sqlalchemy.engine.Engine [cached since 346s ago] (datetime.datetime(2026, 6, 26, 6, 42, 13, 812143),)
2026-07-26 12:27:13,828 INFO sqlalchemy.engine.Engine SELECT users.id, users.email, users.full_name, users.hashed_password, users.target_band, users.role, users.current_speaking_level, users.current_listening_level, users.created_at 
FROM users ORDER BY users.created_at DESC 
 LIMIT $1::INTEGER
2026-07-26 12:27:13,835 INFO sqlalchemy.engine.Engine [cached since 346s ago] (5,)
2026-07-26 12:27:13,838 INFO sqlalchemy.engine.Engine SELECT reading_passages.difficulty, avg((reading_attempts.score * $1::FLOAT) / CAST(reading_attempts.total_questions AS NUMERIC)) AS avg_1 
FROM reading_attempts JOIN reading_passages ON reading_attempts.passage_id = reading_passages.id 
WHERE reading_attempts.score IS NOT NULL GROUP BY reading_passages.difficulty
2026-07-26 12:27:13,843 INFO sqlalchemy.engine.Engine [cached since 346s ago] (100.0,)
2026-07-26 12:27:13,845 INFO sqlalchemy.engine.Engine SELECT users.role, count(users.id) AS count_1 
FROM users GROUP BY users.role
2026-07-26 12:27:13,845 INFO sqlalchemy.engine.Engine [cached since 346s ago] ()
INFO:     127.0.0.1:60980 - "GET /api/v1/admin/analytics/overview HTTP/1.1" 200 OK
2026-07-26 12:27:13,854 INFO sqlalchemy.engine.Engine ROLLBACK
INFO:     127.0.0.1:62037 - "GET /api/v1/admin/dashboard/stats HTTP/1.1" 200 OK
2026-07-26 12:27:13,862 INFO sqlalchemy.engine.Engine ROLLBACK
2026-07-26 12:27:13,862 INFO sqlalchemy.engine.Engine BEGIN (implicit)
2026-07-26 12:27:13,869 INFO sqlalchemy.engine.Engine SELECT users.id, users.email, users.full_name, users.hashed_password, users.target_band, users.role, users.current_speaking_level, users.current_listening_level, users.created_at 
FROM users 
WHERE users.id = $1::INTEGER
2026-07-26 12:27:13,870 INFO sqlalchemy.engine.Engine [cached since 346.1s ago] (3,)
2026-07-26 12:27:13,871 INFO sqlalchemy.engine.Engine SELECT count(users.id) AS count_1 
FROM users 
WHERE users.role = $1::VARCHAR
2026-07-26 12:27:13,871 INFO sqlalchemy.engine.Engine [cached since 346.1s ago] ('student',)
2026-07-26 12:27:13,878 INFO sqlalchemy.engine.Engine SELECT count(users.id) AS count_1 
FROM users
2026-07-26 12:27:13,880 INFO sqlalchemy.engine.Engine [cached since 346.1s ago] ()
2026-07-26 12:27:13,882 INFO sqlalchemy.engine.Engine SELECT count(study_resources.id) AS count_1 
FROM study_resources
2026-07-26 12:27:13,883 INFO sqlalchemy.engine.Engine [cached since 346.1s ago] ()
2026-07-26 12:27:13,886 INFO sqlalchemy.engine.Engine SELECT count(reading_passages.id) AS count_1 
FROM reading_passages
2026-07-26 12:27:13,888 INFO sqlalchemy.engine.Engine [cached since 346.1s ago] ()
2026-07-26 12:27:13,891 INFO sqlalchemy.engine.Engine SELECT count(reading_questions.id) AS count_1 
FROM reading_questions
2026-07-26 12:27:13,893 INFO sqlalchemy.engine.Engine [cached since 346.1s ago] ()
2026-07-26 12:27:13,896 INFO sqlalchemy.engine.Engine SELECT count(reading_attempts.id) AS count_1 
FROM reading_attempts
2026-07-26 12:27:13,898 INFO sqlalchemy.engine.Engine [cached since 346s ago] ()
2026-07-26 12:27:13,900 INFO sqlalchemy.engine.Engine SELECT avg((reading_attempts.score * $1::FLOAT) / CAST(reading_attempts.total_questions AS NUMERIC)) AS avg_1 
FROM reading_attempts 
WHERE reading_attempts.score IS NOT NULL
2026-07-26 12:27:13,901 INFO sqlalchemy.engine.Engine [cached since 346s ago] (100.0,)
2026-07-26 12:27:13,903 INFO sqlalchemy.engine.Engine SELECT users.id, users.email, users.full_name, users.hashed_password, users.target_band, users.role, users.current_speaking_level, users.current_listening_level, users.created_at 
FROM users ORDER BY users.created_at DESC 
 LIMIT $1::INTEGER
2026-07-26 12:27:13,904 INFO sqlalchemy.engine.Engine [cached since 346s ago] (5,)
2026-07-26 12:27:13,907 INFO sqlalchemy.engine.Engine SELECT users.role, count(users.id) AS count_1 
FROM users GROUP BY users.role
2026-07-26 12:27:13,908 INFO sqlalchemy.engine.Engine [cached since 346s ago] ()
INFO:     127.0.0.1:60980 - "GET /api/v1/admin/dashboard/stats HTTP/1.1" 200 OK
2026-07-26 12:27:13,912 INFO sqlalchemy.engine.Engine ROLLBACK
INFO:     127.0.0.1:58435 - "OPTIONS /api/v1/admin/mock-tests/reading?page=1&limit=10&search= HTTP/1.1" 200 OK
INFO:     127.0.0.1:55828 - "OPTIONS /api/v1/admin/mock-tests/reading?page=1&limit=10&search= HTTP/1.1" 200 OK
2026-07-26 14:38:14,504 INFO sqlalchemy.engine.Engine BEGIN (implicit)
2026-07-26 14:38:14,506 INFO sqlalchemy.engine.Engine SELECT users.id, users.email, users.full_name, users.hashed_password, users.target_band, users.role, users.current_speaking_level, users.current_listening_level, users.created_at 
FROM users 
WHERE users.id = $1::INTEGER
2026-07-26 14:38:14,506 INFO sqlalchemy.engine.Engine [cached since 8207s ago] (3,)
2026-07-26 14:38:14,510 INFO sqlalchemy.engine.Engine SELECT count(reading_passages.id) AS count_1 
FROM reading_passages
2026-07-26 14:38:14,516 INFO sqlalchemy.engine.Engine [cached since 8207s ago] ()
2026-07-26 14:38:14,520 INFO sqlalchemy.engine.Engine SELECT reading_passages.id, reading_passages.title, reading_passages.passage_text, reading_passages.difficulty, reading_passages.created_at 
FROM reading_passages ORDER BY reading_passages.created_at DESC 
 LIMIT $1::INTEGER OFFSET $2::INTEGER
2026-07-26 14:38:14,523 INFO sqlalchemy.engine.Engine [cached since 8180s ago] (10, 0)
INFO:     127.0.0.1:58435 - "GET /api/v1/admin/mock-tests/reading?page=1&limit=10&search= HTTP/1.1" 200 OK
2026-07-26 14:38:14,523 INFO sqlalchemy.engine.Engine ROLLBACK
2026-07-26 14:38:14,532 INFO sqlalchemy.engine.Engine BEGIN (implicit)
2026-07-26 14:38:14,532 INFO sqlalchemy.engine.Engine SELECT users.id, users.email, users.full_name, users.hashed_password, users.target_band, users.role, users.current_speaking_level, users.current_listening_level, users.created_at 
FROM users 
WHERE users.id = $1::INTEGER
2026-07-26 14:38:14,532 INFO sqlalchemy.engine.Engine [cached since 8207s ago] (3,)
2026-07-26 14:38:14,541 INFO sqlalchemy.engine.Engine SELECT count(reading_passages.id) AS count_1 
FROM reading_passages
2026-07-26 14:38:14,541 INFO sqlalchemy.engine.Engine [cached since 8207s ago] ()
2026-07-26 14:38:14,550 INFO sqlalchemy.engine.Engine SELECT reading_passages.id, reading_passages.title, reading_passages.passage_text, reading_passages.difficulty, reading_passages.created_at 
FROM reading_passages ORDER BY reading_passages.created_at DESC 
 LIMIT $1::INTEGER OFFSET $2::INTEGER
2026-07-26 14:38:14,550 INFO sqlalchemy.engine.Engine [cached since 8180s ago] (10, 0)
INFO:     127.0.0.1:55828 - "GET /api/v1/admin/mock-tests/reading?page=1&limit=10&search= HTTP/1.1" 200 OK
2026-07-26 14:38:14,558 INFO sqlalchemy.engine.Engine ROLLBACK
INFO:     127.0.0.1:59761 - "OPTIONS /api/v1/admin/mock-tests/speaking?page=1&limit=10&search= HTTP/1.1" 200 OK
2026-07-26 14:38:20,265 INFO sqlalchemy.engine.Engine BEGIN (implicit)
2026-07-26 14:38:20,265 INFO sqlalchemy.engine.Engine SELECT users.id, users.email, users.full_name, users.hashed_password, users.target_band, users.role, users.current_speaking_level, users.current_listening_level, users.created_at 
FROM users 
WHERE users.id = $1::INTEGER
2026-07-26 14:38:20,270 INFO sqlalchemy.engine.Engine [cached since 8213s ago] (3,)
2026-07-26 14:38:20,290 INFO sqlalchemy.engine.Engine SELECT count(speakingquestion.id) AS count_1 
FROM speakingquestion
2026-07-26 14:38:20,297 INFO sqlalchemy.engine.Engine [generated in 0.00323s] ()
2026-07-26 14:38:20,304 INFO sqlalchemy.engine.Engine ROLLBACK
INFO:     127.0.0.1:59761 - "GET /api/v1/admin/mock-tests/speaking?page=1&limit=10&search= HTTP/1.1" 500 Internal Server Error
INFO:     127.0.0.1:56110 - "OPTIONS /api/v1/admin/mock-tests/listening?page=1&limit=10&search= HTTP/1.1" 200 OK
2026-07-26 14:38:21,632 INFO sqlalchemy.engine.Engine BEGIN (implicit)
2026-07-26 14:38:21,635 INFO sqlalchemy.engine.Engine SELECT users.id, users.email, users.full_name, users.hashed_password, users.target_band, users.role, users.current_speaking_level, users.current_listening_level, users.created_at 
FROM users 
WHERE users.id = $1::INTEGER
2026-07-26 14:38:21,639 INFO sqlalchemy.engine.Engine [cached since 8214s ago] (3,)
2026-07-26 14:38:21,649 INFO sqlalchemy.engine.Engine SELECT count(listeningtest.id) AS count_1 
FROM listeningtest
2026-07-26 14:38:21,652 INFO sqlalchemy.engine.Engine [generated in 0.00352s] ()
2026-07-26 14:38:21,656 INFO sqlalchemy.engine.Engine ROLLBACK
INFO:     127.0.0.1:56110 - "GET /api/v1/admin/mock-tests/listening?page=1&limit=10&search= HTTP/1.1" 500 Internal Server Error
INFO:     127.0.0.1:62926 - "OPTIONS /api/v1/admin/dashboard/stats HTTP/1.1" 200 OK
INFO:     127.0.0.1:62881 - "OPTIONS /api/v1/admin/analytics/overview HTTP/1.1" 200 OK
INFO:     127.0.0.1:56943 - "OPTIONS /api/v1/admin/dashboard/stats HTTP/1.1" 200 OK
INFO:     127.0.0.1:62259 - "OPTIONS /api/v1/admin/analytics/overview HTTP/1.1" 200 OK
2026-07-26 14:38:25,814 INFO sqlalchemy.engine.Engine BEGIN (implicit)
2026-07-26 14:38:25,814 INFO sqlalchemy.engine.Engine SELECT users.id, users.email, users.full_name, users.hashed_password, users.target_band, users.role, users.current_speaking_level, users.current_listening_level, users.created_at 
FROM users 
WHERE users.id = $1::INTEGER
2026-07-26 14:38:25,820 INFO sqlalchemy.engine.Engine [cached since 8218s ago] (3,)
2026-07-26 14:38:25,827 INFO sqlalchemy.engine.Engine BEGIN (implicit)
2026-07-26 14:38:25,829 INFO sqlalchemy.engine.Engine SELECT users.id, users.email, users.full_name, users.hashed_password, users.target_band, users.role, users.current_speaking_level, users.current_listening_level, users.created_at 
FROM users 
WHERE users.id = $1::INTEGER
2026-07-26 14:38:25,830 INFO sqlalchemy.engine.Engine [cached since 8218s ago] (3,)
2026-07-26 14:38:25,834 INFO sqlalchemy.engine.Engine SELECT count(users.id) AS count_1 
FROM users 
WHERE users.role = $1::VARCHAR
2026-07-26 14:38:25,838 INFO sqlalchemy.engine.Engine [cached since 8218s ago] ('student',)
2026-07-26 14:38:25,840 INFO sqlalchemy.engine.Engine SELECT date(users.created_at) AS date, count(users.id) AS count 
FROM users 
WHERE users.created_at >= $1::TIMESTAMP WITH TIME ZONE GROUP BY date(users.created_at) ORDER BY date(users.created_at)
2026-07-26 14:38:25,845 INFO sqlalchemy.engine.Engine [cached since 8218s ago] (datetime.datetime(2026, 6, 26, 8, 53, 25, 840490),)
2026-07-26 14:38:25,850 INFO sqlalchemy.engine.Engine SELECT count(users.id) AS count_1 
FROM users
2026-07-26 14:38:25,853 INFO sqlalchemy.engine.Engine [cached since 8218s ago] ()
2026-07-26 14:38:25,858 INFO sqlalchemy.engine.Engine SELECT date(reading_attempts.created_at) AS date, count(reading_attempts.id) AS count 
FROM reading_attempts 
WHERE reading_attempts.created_at >= $1::TIMESTAMP WITH TIME ZONE GROUP BY date(reading_attempts.created_at) ORDER BY date(reading_attempts.created_at)
2026-07-26 14:38:25,860 INFO sqlalchemy.engine.Engine [cached since 8218s ago] (datetime.datetime(2026, 6, 26, 8, 53, 25, 840490),)
2026-07-26 14:38:25,864 INFO sqlalchemy.engine.Engine SELECT count(study_resources.id) AS count_1 
FROM study_resources
2026-07-26 14:38:25,864 INFO sqlalchemy.engine.Engine [cached since 8218s ago] ()
2026-07-26 14:38:25,876 INFO sqlalchemy.engine.Engine SELECT reading_passages.difficulty, avg((reading_attempts.score * $1::FLOAT) / CAST(reading_attempts.total_questions AS NUMERIC)) AS avg_1 
FROM reading_attempts JOIN reading_passages ON reading_attempts.passage_id = reading_passages.id 
WHERE reading_attempts.score IS NOT NULL GROUP BY reading_passages.difficulty
2026-07-26 14:38:25,877 INFO sqlalchemy.engine.Engine [cached since 8218s ago] (100.0,)
2026-07-26 14:38:25,882 INFO sqlalchemy.engine.Engine SELECT count(reading_passages.id) AS count_1 
FROM reading_passages
2026-07-26 14:38:25,884 INFO sqlalchemy.engine.Engine [cached since 8218s ago] ()
INFO:     127.0.0.1:62881 - "GET /api/v1/admin/analytics/overview HTTP/1.1" 200 OK
2026-07-26 14:38:25,894 INFO sqlalchemy.engine.Engine ROLLBACK
2026-07-26 14:38:25,901 INFO sqlalchemy.engine.Engine SELECT count(reading_questions.id) AS count_1 
FROM reading_questions
2026-07-26 14:38:25,902 INFO sqlalchemy.engine.Engine [cached since 8218s ago] ()
2026-07-26 14:38:25,910 INFO sqlalchemy.engine.Engine BEGIN (implicit)
2026-07-26 14:38:25,914 INFO sqlalchemy.engine.Engine SELECT users.id, users.email, users.full_name, users.hashed_password, users.target_band, users.role, users.current_speaking_level, users.current_listening_level, users.created_at 
FROM users 
WHERE users.id = $1::INTEGER
2026-07-26 14:38:25,918 INFO sqlalchemy.engine.Engine [cached since 8218s ago] (3,)
2026-07-26 14:38:25,923 INFO sqlalchemy.engine.Engine SELECT count(reading_attempts.id) AS count_1 
FROM reading_attempts
2026-07-26 14:38:25,923 INFO sqlalchemy.engine.Engine [cached since 8218s ago] ()
2026-07-26 14:38:25,933 INFO sqlalchemy.engine.Engine SELECT avg((reading_attempts.score * $1::FLOAT) / CAST(reading_attempts.total_questions AS NUMERIC)) AS avg_1 
FROM reading_attempts 
WHERE reading_attempts.score IS NOT NULL
2026-07-26 14:38:25,940 INFO sqlalchemy.engine.Engine [cached since 8218s ago] (100.0,)
2026-07-26 14:38:25,944 INFO sqlalchemy.engine.Engine SELECT date(users.created_at) AS date, count(users.id) AS count 
FROM users 
WHERE users.created_at >= $1::TIMESTAMP WITH TIME ZONE GROUP BY date(users.created_at) ORDER BY date(users.created_at)
2026-07-26 14:38:25,947 INFO sqlalchemy.engine.Engine [cached since 8218s ago] (datetime.datetime(2026, 6, 26, 8, 53, 25, 944614),)
2026-07-26 14:38:25,950 INFO sqlalchemy.engine.Engine SELECT users.id, users.email, users.full_name, users.hashed_password, users.target_band, users.role, users.current_speaking_level, users.current_listening_level, users.created_at 
FROM users ORDER BY users.created_at DESC 
 LIMIT $1::INTEGER
2026-07-26 14:38:25,952 INFO sqlalchemy.engine.Engine [cached since 8218s ago] (5,)
2026-07-26 14:38:25,958 INFO sqlalchemy.engine.Engine SELECT date(reading_attempts.created_at) AS date, count(reading_attempts.id) AS count 
FROM reading_attempts 
WHERE reading_attempts.created_at >= $1::TIMESTAMP WITH TIME ZONE GROUP BY date(reading_attempts.created_at) ORDER BY date(reading_attempts.created_at)
2026-07-26 14:38:25,960 INFO sqlalchemy.engine.Engine [cached since 8218s ago] (datetime.datetime(2026, 6, 26, 8, 53, 25, 944614),)
2026-07-26 14:38:25,967 INFO sqlalchemy.engine.Engine SELECT users.role, count(users.id) AS count_1 
FROM users GROUP BY users.role
2026-07-26 14:38:25,968 INFO sqlalchemy.engine.Engine [cached since 8218s ago] ()
2026-07-26 14:38:25,972 INFO sqlalchemy.engine.Engine SELECT reading_passages.difficulty, avg((reading_attempts.score * $1::FLOAT) / CAST(reading_attempts.total_questions AS NUMERIC)) AS avg_1 
FROM reading_attempts JOIN reading_passages ON reading_attempts.passage_id = reading_passages.id 
WHERE reading_attempts.score IS NOT NULL GROUP BY reading_passages.difficulty
2026-07-26 14:38:25,975 INFO sqlalchemy.engine.Engine [cached since 8218s ago] (100.0,)
INFO:     127.0.0.1:56943 - "GET /api/v1/admin/dashboard/stats HTTP/1.1" 200 OK
2026-07-26 14:38:25,980 INFO sqlalchemy.engine.Engine ROLLBACK
INFO:     127.0.0.1:62259 - "GET /api/v1/admin/analytics/overview HTTP/1.1" 200 OK
2026-07-26 14:38:25,980 INFO sqlalchemy.engine.Engine ROLLBACK
2026-07-26 14:38:25,986 INFO sqlalchemy.engine.Engine BEGIN (implicit)
2026-07-26 14:38:25,989 INFO sqlalchemy.engine.Engine SELECT users.id, users.email, users.full_name, users.hashed_password, users.target_band, users.role, users.current_speaking_level, users.current_listening_level, users.created_at 
FROM users 
WHERE users.id = $1::INTEGER
2026-07-26 14:38:25,990 INFO sqlalchemy.engine.Engine [cached since 8218s ago] (3,)
2026-07-26 14:38:25,993 INFO sqlalchemy.engine.Engine SELECT count(users.id) AS count_1 
FROM users 
WHERE users.role = $1::VARCHAR
2026-07-26 14:38:25,994 INFO sqlalchemy.engine.Engine [cached since 8218s ago] ('student',)
2026-07-26 14:38:25,997 INFO sqlalchemy.engine.Engine SELECT count(users.id) AS count_1 
FROM users
2026-07-26 14:38:25,997 INFO sqlalchemy.engine.Engine [cached since 8218s ago] ()
2026-07-26 14:38:26,000 INFO sqlalchemy.engine.Engine SELECT count(study_resources.id) AS count_1 
FROM study_resources
2026-07-26 14:38:26,002 INFO sqlalchemy.engine.Engine [cached since 8218s ago] ()
2026-07-26 14:38:26,005 INFO sqlalchemy.engine.Engine SELECT count(reading_passages.id) AS count_1 
FROM reading_passages
2026-07-26 14:38:26,007 INFO sqlalchemy.engine.Engine [cached since 8218s ago] ()
2026-07-26 14:38:26,008 INFO sqlalchemy.engine.Engine SELECT count(reading_questions.id) AS count_1 
FROM reading_questions
2026-07-26 14:38:26,011 INFO sqlalchemy.engine.Engine [cached since 8218s ago] ()
2026-07-26 14:38:26,014 INFO sqlalchemy.engine.Engine SELECT count(reading_attempts.id) AS count_1 
FROM reading_attempts
2026-07-26 14:38:26,015 INFO sqlalchemy.engine.Engine [cached since 8218s ago] ()
2026-07-26 14:38:26,019 INFO sqlalchemy.engine.Engine SELECT avg((reading_attempts.score * $1::FLOAT) / CAST(reading_attempts.total_questions AS NUMERIC)) AS avg_1 
FROM reading_attempts 
WHERE reading_attempts.score IS NOT NULL
2026-07-26 14:38:26,021 INFO sqlalchemy.engine.Engine [cached since 8218s ago] (100.0,)
2026-07-26 14:38:26,024 INFO sqlalchemy.engine.Engine SELECT users.id, users.email, users.full_name, users.hashed_password, users.target_band, users.role, users.current_speaking_level, users.current_listening_level, users.created_at 
FROM users ORDER BY users.created_at DESC 
 LIMIT $1::INTEGER
2026-07-26 14:38:26,026 INFO sqlalchemy.engine.Engine [cached since 8218s ago] (5,)
2026-07-26 14:38:26,030 INFO sqlalchemy.engine.Engine SELECT users.role, count(users.id) AS count_1 
FROM users GROUP BY users.role
2026-07-26 14:38:26,031 INFO sqlalchemy.engine.Engine [cached since 8218s ago] ()
INFO:     127.0.0.1:62881 - "GET /api/v1/admin/dashboard/stats HTTP/1.1" 200 OK
2026-07-26 14:38:26,034 INFO sqlalchemy.engine.Engine ROLLBACK
INFO:     127.0.0.1:62881 - "OPTIONS /api/v1/admin/users?page=1&limit=10&search=&role= HTTP/1.1" 200 OK
INFO:     127.0.0.1:62259 - "OPTIONS /api/v1/admin/users?page=1&limit=10&search=&role= HTTP/1.1" 200 OK
2026-07-26 14:38:26,895 INFO sqlalchemy.engine.Engine BEGIN (implicit)
2026-07-26 14:38:26,896 INFO sqlalchemy.engine.Engine SELECT users.id, users.email, users.full_name, users.hashed_password, users.target_band, users.role, users.current_speaking_level, users.current_listening_level, users.created_at 
FROM users 
WHERE users.id = $1::INTEGER
2026-07-26 14:38:26,896 INFO sqlalchemy.engine.Engine [cached since 8219s ago] (3,)
2026-07-26 14:38:26,900 INFO sqlalchemy.engine.Engine SELECT count(users.id) AS count_1 
FROM users
2026-07-26 14:38:26,900 INFO sqlalchemy.engine.Engine [cached since 8219s ago] ()
2026-07-26 14:38:26,906 INFO sqlalchemy.engine.Engine SELECT users.id, users.email, users.full_name, users.hashed_password, users.target_band, users.role, users.current_speaking_level, users.current_listening_level, users.created_at 
FROM users ORDER BY users.created_at DESC 
 LIMIT $1::INTEGER OFFSET $2::INTEGER
2026-07-26 14:38:26,912 INFO sqlalchemy.engine.Engine [cached since 8204s ago] (10, 0)
INFO:     127.0.0.1:62259 - "GET /api/v1/admin/users?page=1&limit=10&search=&role= HTTP/1.1" 200 OK
2026-07-26 14:38:26,915 INFO sqlalchemy.engine.Engine ROLLBACK
2026-07-26 14:38:26,922 INFO sqlalchemy.engine.Engine BEGIN (implicit)
2026-07-26 14:38:26,923 INFO sqlalchemy.engine.Engine SELECT users.id, users.email, users.full_name, users.hashed_password, users.target_band, users.role, users.current_speaking_level, users.current_listening_level, users.created_at 
FROM users 
WHERE users.id = $1::INTEGER
2026-07-26 14:38:26,923 INFO sqlalchemy.engine.Engine [cached since 8219s ago] (3,)
2026-07-26 14:38:26,930 INFO sqlalchemy.engine.Engine SELECT count(users.id) AS count_1 
FROM users
2026-07-26 14:38:26,930 INFO sqlalchemy.engine.Engine [cached since 8219s ago] ()
2026-07-26 14:38:26,934 INFO sqlalchemy.engine.Engine SELECT users.id, users.email, users.full_name, users.hashed_password, users.target_band, users.role, users.current_speaking_level, users.current_listening_level, users.created_at 
FROM users ORDER BY users.created_at DESC 
 LIMIT $1::INTEGER OFFSET $2::INTEGER
2026-07-26 14:38:26,938 INFO sqlalchemy.engine.Engine [cached since 8204s ago] (10, 0)
INFO:     127.0.0.1:62881 - "GET /api/v1/admin/users?page=1&limit=10&search=&role= HTTP/1.1" 200 OK
2026-07-26 14:38:26,940 INFO sqlalchemy.engine.Engine ROLLBACK
2026-07-26 14:38:28,016 INFO sqlalchemy.engine.Engine BEGIN (implicit)
2026-07-26 14:38:28,023 INFO sqlalchemy.engine.Engine SELECT users.id, users.email, users.full_name, users.hashed_password, users.target_band, users.role, users.current_speaking_level, users.current_listening_level, users.created_at 
FROM users 
WHERE users.id = $1::INTEGER
2026-07-26 14:38:28,024 INFO sqlalchemy.engine.Engine [cached since 8220s ago] (3,)
2026-07-26 14:38:28,030 INFO sqlalchemy.engine.Engine BEGIN (implicit)
2026-07-26 14:38:28,032 INFO sqlalchemy.engine.Engine SELECT users.id, users.email, users.full_name, users.hashed_password, users.target_band, users.role, users.current_speaking_level, users.current_listening_level, users.created_at 
FROM users 
WHERE users.id = $1::INTEGER
2026-07-26 14:38:28,034 INFO sqlalchemy.engine.Engine [cached since 8220s ago] (3,)
2026-07-26 14:38:28,040 INFO sqlalchemy.engine.Engine SELECT count(users.id) AS count_1 
FROM users 
WHERE users.role = $1::VARCHAR
2026-07-26 14:38:28,045 INFO sqlalchemy.engine.Engine [cached since 8220s ago] ('student',)
2026-07-26 14:38:28,048 INFO sqlalchemy.engine.Engine SELECT date(users.created_at) AS date, count(users.id) AS count 
FROM users 
WHERE users.created_at >= $1::TIMESTAMP WITH TIME ZONE GROUP BY date(users.created_at) ORDER BY date(users.created_at)
2026-07-26 14:38:28,050 INFO sqlalchemy.engine.Engine [cached since 8220s ago] (datetime.datetime(2026, 6, 26, 8, 53, 28, 48712),)
2026-07-26 14:38:28,055 INFO sqlalchemy.engine.Engine SELECT count(users.id) AS count_1 
FROM users
2026-07-26 14:38:28,057 INFO sqlalchemy.engine.Engine [cached since 8220s ago] ()
2026-07-26 14:38:28,062 INFO sqlalchemy.engine.Engine SELECT date(reading_attempts.created_at) AS date, count(reading_attempts.id) AS count 
FROM reading_attempts 
WHERE reading_attempts.created_at >= $1::TIMESTAMP WITH TIME ZONE GROUP BY date(reading_attempts.created_at) ORDER BY date(reading_attempts.created_at)
2026-07-26 14:38:28,065 INFO sqlalchemy.engine.Engine [cached since 8220s ago] (datetime.datetime(2026, 6, 26, 8, 53, 28, 48712),)
2026-07-26 14:38:28,071 INFO sqlalchemy.engine.Engine SELECT count(study_resources.id) AS count_1 
FROM study_resources
2026-07-26 14:38:28,074 INFO sqlalchemy.engine.Engine [cached since 8220s ago] ()
2026-07-26 14:38:28,080 INFO sqlalchemy.engine.Engine SELECT reading_passages.difficulty, avg((reading_attempts.score * $1::FLOAT) / CAST(reading_attempts.total_questions AS NUMERIC)) AS avg_1 
FROM reading_attempts JOIN reading_passages ON reading_attempts.passage_id = reading_passages.id 
WHERE reading_attempts.score IS NOT NULL GROUP BY reading_passages.difficulty
2026-07-26 14:38:28,089 INFO sqlalchemy.engine.Engine [cached since 8220s ago] (100.0,)
2026-07-26 14:38:28,095 INFO sqlalchemy.engine.Engine SELECT count(reading_passages.id) AS count_1 
FROM reading_passages
2026-07-26 14:38:28,098 INFO sqlalchemy.engine.Engine [cached since 8220s ago] ()
INFO:     127.0.0.1:62259 - "GET /api/v1/admin/analytics/overview HTTP/1.1" 200 OK
2026-07-26 14:38:28,105 INFO sqlalchemy.engine.Engine ROLLBACK
2026-07-26 14:38:28,110 INFO sqlalchemy.engine.Engine SELECT count(reading_questions.id) AS count_1 
FROM reading_questions
2026-07-26 14:38:28,115 INFO sqlalchemy.engine.Engine [cached since 8220s ago] ()
2026-07-26 14:38:28,115 INFO sqlalchemy.engine.Engine BEGIN (implicit)
2026-07-26 14:38:28,120 INFO sqlalchemy.engine.Engine SELECT users.id, users.email, users.full_name, users.hashed_password, users.target_band, users.role, users.current_speaking_level, users.current_listening_level, users.created_at 
FROM users 
WHERE users.id = $1::INTEGER
2026-07-26 14:38:28,120 INFO sqlalchemy.engine.Engine [cached since 8220s ago] (3,)
2026-07-26 14:38:28,125 INFO sqlalchemy.engine.Engine SELECT count(reading_attempts.id) AS count_1 
FROM reading_attempts
2026-07-26 14:38:28,125 INFO sqlalchemy.engine.Engine [cached since 8220s ago] ()
2026-07-26 14:38:28,135 INFO sqlalchemy.engine.Engine SELECT avg((reading_attempts.score * $1::FLOAT) / CAST(reading_attempts.total_questions AS NUMERIC)) AS avg_1 
FROM reading_attempts 
WHERE reading_attempts.score IS NOT NULL
2026-07-26 14:38:28,136 INFO sqlalchemy.engine.Engine [cached since 8220s ago] (100.0,)
2026-07-26 14:38:28,142 INFO sqlalchemy.engine.Engine SELECT date(users.created_at) AS date, count(users.id) AS count 
FROM users 
WHERE users.created_at >= $1::TIMESTAMP WITH TIME ZONE GROUP BY date(users.created_at) ORDER BY date(users.created_at)
2026-07-26 14:38:28,144 INFO sqlalchemy.engine.Engine [cached since 8220s ago] (datetime.datetime(2026, 6, 26, 8, 53, 28, 140397),)
2026-07-26 14:38:28,148 INFO sqlalchemy.engine.Engine SELECT users.id, users.email, users.full_name, users.hashed_password, users.target_band, users.role, users.current_speaking_level, users.current_listening_level, users.created_at 
FROM users ORDER BY users.created_at DESC 
 LIMIT $1::INTEGER
2026-07-26 14:38:28,150 INFO sqlalchemy.engine.Engine [cached since 8220s ago] (5,)
2026-07-26 14:38:28,154 INFO sqlalchemy.engine.Engine SELECT date(reading_attempts.created_at) AS date, count(reading_attempts.id) AS count 
FROM reading_attempts 
WHERE reading_attempts.created_at >= $1::TIMESTAMP WITH TIME ZONE GROUP BY date(reading_attempts.created_at) ORDER BY date(reading_attempts.created_at)
2026-07-26 14:38:28,154 INFO sqlalchemy.engine.Engine [cached since 8220s ago] (datetime.datetime(2026, 6, 26, 8, 53, 28, 140397),)
2026-07-26 14:38:28,160 INFO sqlalchemy.engine.Engine SELECT users.role, count(users.id) AS count_1 
FROM users GROUP BY users.role
2026-07-26 14:38:28,160 INFO sqlalchemy.engine.Engine [cached since 8220s ago] ()
2026-07-26 14:38:28,160 INFO sqlalchemy.engine.Engine SELECT reading_passages.difficulty, avg((reading_attempts.score * $1::FLOAT) / CAST(reading_attempts.total_questions AS NUMERIC)) AS avg_1 
FROM reading_attempts JOIN reading_passages ON reading_attempts.passage_id = reading_passages.id 
WHERE reading_attempts.score IS NOT NULL GROUP BY reading_passages.difficulty
2026-07-26 14:38:28,168 INFO sqlalchemy.engine.Engine [cached since 8220s ago] (100.0,)
INFO:     127.0.0.1:62881 - "GET /api/v1/admin/dashboard/stats HTTP/1.1" 200 OK
2026-07-26 14:38:28,176 INFO sqlalchemy.engine.Engine ROLLBACK
INFO:     127.0.0.1:56943 - "GET /api/v1/admin/analytics/overview HTTP/1.1" 200 OK
2026-07-26 14:38:28,182 INFO sqlalchemy.engine.Engine ROLLBACK
2026-07-26 14:38:28,186 INFO sqlalchemy.engine.Engine BEGIN (implicit)
2026-07-26 14:38:28,186 INFO sqlalchemy.engine.Engine SELECT users.id, users.email, users.full_name, users.hashed_password, users.target_band, users.role, users.current_speaking_level, users.current_listening_level, users.created_at 
FROM users 
WHERE users.id = $1::INTEGER
2026-07-26 14:38:28,188 INFO sqlalchemy.engine.Engine [cached since 8220s ago] (3,)
2026-07-26 14:38:28,194 INFO sqlalchemy.engine.Engine SELECT count(users.id) AS count_1 
FROM users 
WHERE users.role = $1::VARCHAR
2026-07-26 14:38:28,197 INFO sqlalchemy.engine.Engine [cached since 8220s ago] ('student',)
2026-07-26 14:38:28,201 INFO sqlalchemy.engine.Engine SELECT count(users.id) AS count_1 
FROM users
2026-07-26 14:38:28,203 INFO sqlalchemy.engine.Engine [cached since 8220s ago] ()
2026-07-26 14:38:28,207 INFO sqlalchemy.engine.Engine SELECT count(study_resources.id) AS count_1 
FROM study_resources
2026-07-26 14:38:28,209 INFO sqlalchemy.engine.Engine [cached since 8220s ago] ()
2026-07-26 14:38:28,211 INFO sqlalchemy.engine.Engine SELECT count(reading_passages.id) AS count_1 
FROM reading_passages
2026-07-26 14:38:28,214 INFO sqlalchemy.engine.Engine [cached since 8220s ago] ()
2026-07-26 14:38:28,218 INFO sqlalchemy.engine.Engine SELECT count(reading_questions.id) AS count_1 
FROM reading_questions
2026-07-26 14:38:28,219 INFO sqlalchemy.engine.Engine [cached since 8220s ago] ()
2026-07-26 14:38:28,222 INFO sqlalchemy.engine.Engine SELECT count(reading_attempts.id) AS count_1 
FROM reading_attempts
2026-07-26 14:38:28,223 INFO sqlalchemy.engine.Engine [cached since 8220s ago] ()
2026-07-26 14:38:28,225 INFO sqlalchemy.engine.Engine SELECT avg((reading_attempts.score * $1::FLOAT) / CAST(reading_attempts.total_questions AS NUMERIC)) AS avg_1 
FROM reading_attempts 
WHERE reading_attempts.score IS NOT NULL
2026-07-26 14:38:28,226 INFO sqlalchemy.engine.Engine [cached since 8220s ago] (100.0,)
2026-07-26 14:38:28,229 INFO sqlalchemy.engine.Engine SELECT users.id, users.email, users.full_name, users.hashed_password, users.target_band, users.role, users.current_speaking_level, users.current_listening_level, users.created_at 
FROM users ORDER BY users.created_at DESC 
 LIMIT $1::INTEGER
2026-07-26 14:38:28,231 INFO sqlalchemy.engine.Engine [cached since 8220s ago] (5,)
2026-07-26 14:38:28,233 INFO sqlalchemy.engine.Engine SELECT users.role, count(users.id) AS count_1 
FROM users GROUP BY users.role
2026-07-26 14:38:28,234 INFO sqlalchemy.engine.Engine [cached since 8220s ago] ()
INFO:     127.0.0.1:62259 - "GET /api/v1/admin/dashboard/stats HTTP/1.1" 200 OK
2026-07-26 14:38:28,240 INFO sqlalchemy.engine.Engine ROLLBACK
