C:\Users\Mushkan\AppData\Local\Programs\Python\Python312\Lib\site-packages\pydub\utils.py:170: RuntimeWarning: Couldn't find ffmpeg or avconv - defaulting to ffmpeg, but may not work
  warn("Couldn't find ffmpeg or avconv - defaulting to ffmpeg, but may not work", RuntimeWarning)
INFO:     Started server process [17104]
INFO:     Waiting for application startup.
INFO:     Application startup complete.
INFO:     Uvicorn running on http://0.0.0.0:8000 (Press CTRL+C to quit)
2026-07-26 12:16:42,756 - sqlalchemy.engine.Engine - INFO - select pg_catalog.version()
2026-07-26 12:16:42,761 - sqlalchemy.engine.Engine - INFO - [raw sql] ()
2026-07-26 12:16:42,765 - sqlalchemy.engine.Engine - INFO - select current_schema()
2026-07-26 12:16:42,767 - sqlalchemy.engine.Engine - INFO - [raw sql] ()
2026-07-26 12:16:42,768 - sqlalchemy.engine.Engine - INFO - show standard_conforming_strings
2026-07-26 12:16:42,768 - sqlalchemy.engine.Engine - INFO - [raw sql] ()
2026-07-26 12:16:42,768 - sqlalchemy.engine.Engine - INFO - BEGIN (implicit)
2026-07-26 12:16:42,797 - sqlalchemy.engine.Engine - INFO - SELECT users.id, users.email, users.full_name, users.hashed_password, users.target_band, users.role, users.current_speaking_level, users.current_listening_level, users.created_at 
FROM users 
WHERE users.email = $1::VARCHAR
2026-07-26 12:16:42,797 - sqlalchemy.engine.Engine - INFO - [generated in 0.00114s] ('admin@iprep.com',)
2026-07-26 12:16:43,087 - sqlalchemy.engine.Engine - INFO - ROLLBACK
2026-07-26 12:17:35,472 - sqlalchemy.engine.Engine - INFO - BEGIN (implicit)
2026-07-26 12:17:35,476 - sqlalchemy.engine.Engine - INFO - SELECT users.id, users.email, users.full_name, users.hashed_password, users.target_band, users.role, users.current_speaking_level, users.current_listening_level, users.created_at 
FROM users 
WHERE users.email = $1::VARCHAR
2026-07-26 12:17:35,476 - sqlalchemy.engine.Engine - INFO - [cached since 52.68s ago] ('admin@iprep.com',)
2026-07-26 12:17:35,717 - sqlalchemy.engine.Engine - INFO - ROLLBACK
2026-07-26 12:21:27,303 - sqlalchemy.engine.Engine - INFO - BEGIN (implicit)
2026-07-26 12:21:27,304 - sqlalchemy.engine.Engine - INFO - SELECT users.id, users.email, users.full_name, users.hashed_password, users.target_band, users.role, users.current_speaking_level, users.current_listening_level, users.created_at 
FROM users 
WHERE users.email = $1::VARCHAR
2026-07-26 12:21:27,307 - sqlalchemy.engine.Engine - INFO - [cached since 284.5s ago] ('admin@iprep.com',)
2026-07-26 12:21:27,717 - sqlalchemy.engine.Engine - INFO - ROLLBACK
2026-07-26 12:21:27,758 - sqlalchemy.engine.Engine - INFO - BEGIN (implicit)
2026-07-26 12:21:27,760 - sqlalchemy.engine.Engine - INFO - SELECT users.id, users.email, users.full_name, users.hashed_password, users.target_band, users.role, users.current_speaking_level, users.current_listening_level, users.created_at 
FROM users 
WHERE users.id = $1::INTEGER
2026-07-26 12:21:27,760 - sqlalchemy.engine.Engine - INFO - [generated in 0.00180s] (3,)
2026-07-26 12:21:27,779 - sqlalchemy.engine.Engine - INFO - SELECT count(users.id) AS count_1 
FROM users 
WHERE users.role = $1::VARCHAR
2026-07-26 12:21:27,781 - sqlalchemy.engine.Engine - INFO - [generated in 0.00282s] ('student',)
2026-07-26 12:21:27,801 - sqlalchemy.engine.Engine - INFO - SELECT count(users.id) AS count_1 
FROM users
2026-07-26 12:21:27,801 - sqlalchemy.engine.Engine - INFO - [generated in 0.00168s] ()
2026-07-26 12:21:27,807 - sqlalchemy.engine.Engine - INFO - SELECT count(study_resources.id) AS count_1 
FROM study_resources
2026-07-26 12:21:27,807 - sqlalchemy.engine.Engine - INFO - [generated in 0.00141s] ()
2026-07-26 12:21:27,817 - sqlalchemy.engine.Engine - INFO - BEGIN (implicit)
2026-07-26 12:21:27,817 - sqlalchemy.engine.Engine - INFO - SELECT users.id, users.email, users.full_name, users.hashed_password, users.target_band, users.role, users.current_speaking_level, users.current_listening_level, users.created_at 
FROM users 
WHERE users.id = $1::INTEGER
2026-07-26 12:21:27,817 - sqlalchemy.engine.Engine - INFO - [cached since 0.06054s ago] (3,)
2026-07-26 12:21:27,824 - sqlalchemy.engine.Engine - INFO - SELECT count(reading_passages.id) AS count_1 
FROM reading_passages
2026-07-26 12:21:27,824 - sqlalchemy.engine.Engine - INFO - [generated in 0.00076s] ()
2026-07-26 12:21:27,837 - sqlalchemy.engine.Engine - INFO - SELECT date(users.created_at) AS date, count(users.id) AS count 
FROM users 
WHERE users.created_at >= $1::TIMESTAMP WITH TIME ZONE GROUP BY date(users.created_at) ORDER BY date(users.created_at)
2026-07-26 12:21:27,837 - sqlalchemy.engine.Engine - INFO - [generated in 0.00149s] (datetime.datetime(2026, 6, 26, 6, 36, 27, 827090),)
2026-07-26 12:21:27,837 - sqlalchemy.engine.Engine - INFO - SELECT count(reading_questions.id) AS count_1 
FROM reading_questions
2026-07-26 12:21:27,837 - sqlalchemy.engine.Engine - INFO - [generated in 0.00139s] ()
2026-07-26 12:21:27,851 - sqlalchemy.engine.Engine - INFO - SELECT count(reading_attempts.id) AS count_1 
FROM reading_attempts
2026-07-26 12:21:27,851 - sqlalchemy.engine.Engine - INFO - [generated in 0.00148s] ()
2026-07-26 12:21:27,857 - sqlalchemy.engine.Engine - INFO - SELECT date(reading_attempts.created_at) AS date, count(reading_attempts.id) AS count 
FROM reading_attempts 
WHERE reading_attempts.created_at >= $1::TIMESTAMP WITH TIME ZONE GROUP BY date(reading_attempts.created_at) ORDER BY date(reading_attempts.created_at)
2026-07-26 12:21:27,857 - sqlalchemy.engine.Engine - INFO - [generated in 0.00144s] (datetime.datetime(2026, 6, 26, 6, 36, 27, 827090),)
2026-07-26 12:21:27,867 - sqlalchemy.engine.Engine - INFO - SELECT reading_passages.difficulty, avg((reading_attempts.score * $1::FLOAT) / CAST(reading_attempts.total_questions AS NUMERIC)) AS avg_1 
FROM reading_attempts JOIN reading_passages ON reading_attempts.passage_id = reading_passages.id 
WHERE reading_attempts.score IS NOT NULL GROUP BY reading_passages.difficulty
2026-07-26 12:21:27,867 - sqlalchemy.engine.Engine - INFO - [generated in 0.00164s] (100.0,)
2026-07-26 12:21:27,867 - sqlalchemy.engine.Engine - INFO - SELECT avg((reading_attempts.score * $1::FLOAT) / CAST(reading_attempts.total_questions AS NUMERIC)) AS avg_1 
FROM reading_attempts 
WHERE reading_attempts.score IS NOT NULL
2026-07-26 12:21:27,876 - sqlalchemy.engine.Engine - INFO - [generated in 0.00137s] (100.0,)
2026-07-26 12:21:27,881 - sqlalchemy.engine.Engine - INFO - SELECT users.id, users.email, users.full_name, users.hashed_password, users.target_band, users.role, users.current_speaking_level, users.current_listening_level, users.created_at 
FROM users ORDER BY users.created_at DESC 
 LIMIT $1::INTEGER
2026-07-26 12:21:27,881 - sqlalchemy.engine.Engine - INFO - [generated in 0.00181s] (5,)
2026-07-26 12:21:27,887 - sqlalchemy.engine.Engine - INFO - ROLLBACK
2026-07-26 12:21:27,887 - sqlalchemy.engine.Engine - INFO - SELECT users.role, count(users.id) AS count_1 
FROM users GROUP BY users.role
2026-07-26 12:21:27,899 - sqlalchemy.engine.Engine - INFO - [generated in 0.00162s] ()
2026-07-26 12:21:27,902 - sqlalchemy.engine.Engine - INFO - ROLLBACK
2026-07-26 12:21:27,911 - sqlalchemy.engine.Engine - INFO - BEGIN (implicit)
2026-07-26 12:21:27,912 - sqlalchemy.engine.Engine - INFO - SELECT users.id, users.email, users.full_name, users.hashed_password, users.target_band, users.role, users.current_speaking_level, users.current_listening_level, users.created_at 
FROM users 
WHERE users.id = $1::INTEGER
2026-07-26 12:21:27,912 - sqlalchemy.engine.Engine - INFO - [cached since 0.1545s ago] (3,)
2026-07-26 12:21:27,921 - sqlalchemy.engine.Engine - INFO - SELECT count(users.id) AS count_1 
FROM users 
WHERE users.role = $1::VARCHAR
2026-07-26 12:21:27,923 - sqlalchemy.engine.Engine - INFO - [cached since 0.1446s ago] ('student',)
2026-07-26 12:21:27,925 - sqlalchemy.engine.Engine - INFO - SELECT count(users.id) AS count_1 
FROM users
2026-07-26 12:21:27,927 - sqlalchemy.engine.Engine - INFO - [cached since 0.1226s ago] ()
2026-07-26 12:21:27,931 - sqlalchemy.engine.Engine - INFO - SELECT count(study_resources.id) AS count_1 
FROM study_resources
2026-07-26 12:21:27,934 - sqlalchemy.engine.Engine - INFO - [cached since 0.125s ago] ()
2026-07-26 12:21:27,940 - sqlalchemy.engine.Engine - INFO - SELECT count(reading_passages.id) AS count_1 
FROM reading_passages
2026-07-26 12:21:27,942 - sqlalchemy.engine.Engine - INFO - [cached since 0.1168s ago] ()
2026-07-26 12:21:27,946 - sqlalchemy.engine.Engine - INFO - SELECT count(reading_questions.id) AS count_1 
FROM reading_questions
2026-07-26 12:21:27,947 - sqlalchemy.engine.Engine - INFO - [cached since 0.1051s ago] ()
2026-07-26 12:21:27,948 - sqlalchemy.engine.Engine - INFO - BEGIN (implicit)
2026-07-26 12:21:27,949 - sqlalchemy.engine.Engine - INFO - SELECT users.id, users.email, users.full_name, users.hashed_password, users.target_band, users.role, users.current_speaking_level, users.current_listening_level, users.created_at 
FROM users 
WHERE users.id = $1::INTEGER
2026-07-26 12:21:27,952 - sqlalchemy.engine.Engine - INFO - [cached since 0.1907s ago] (3,)
2026-07-26 12:21:27,954 - sqlalchemy.engine.Engine - INFO - SELECT count(reading_attempts.id) AS count_1 
FROM reading_attempts
2026-07-26 12:21:27,956 - sqlalchemy.engine.Engine - INFO - [cached since 0.1048s ago] ()
2026-07-26 12:21:27,958 - sqlalchemy.engine.Engine - INFO - SELECT avg((reading_attempts.score * $1::FLOAT) / CAST(reading_attempts.total_questions AS NUMERIC)) AS avg_1 
FROM reading_attempts 
WHERE reading_attempts.score IS NOT NULL
2026-07-26 12:21:27,960 - sqlalchemy.engine.Engine - INFO - [cached since 0.08592s ago] (100.0,)
2026-07-26 12:21:27,964 - sqlalchemy.engine.Engine - INFO - SELECT users.id, users.email, users.full_name, users.hashed_password, users.target_band, users.role, users.current_speaking_level, users.current_listening_level, users.created_at 
FROM users ORDER BY users.created_at DESC 
 LIMIT $1::INTEGER
2026-07-26 12:21:27,965 - sqlalchemy.engine.Engine - INFO - [cached since 0.08358s ago] (5,)
2026-07-26 12:21:27,968 - sqlalchemy.engine.Engine - INFO - SELECT date(users.created_at) AS date, count(users.id) AS count 
FROM users 
WHERE users.created_at >= $1::TIMESTAMP WITH TIME ZONE GROUP BY date(users.created_at) ORDER BY date(users.created_at)
2026-07-26 12:21:27,969 - sqlalchemy.engine.Engine - INFO - [cached since 0.1331s ago] (datetime.datetime(2026, 6, 26, 6, 36, 27, 967399),)
2026-07-26 12:21:27,973 - sqlalchemy.engine.Engine - INFO - SELECT users.role, count(users.id) AS count_1 
FROM users GROUP BY users.role
2026-07-26 12:21:27,974 - sqlalchemy.engine.Engine - INFO - [cached since 0.07648s ago] ()
2026-07-26 12:21:27,977 - sqlalchemy.engine.Engine - INFO - SELECT date(reading_attempts.created_at) AS date, count(reading_attempts.id) AS count 
FROM reading_attempts 
WHERE reading_attempts.created_at >= $1::TIMESTAMP WITH TIME ZONE GROUP BY date(reading_attempts.created_at) ORDER BY date(reading_attempts.created_at)
2026-07-26 12:21:27,977 - sqlalchemy.engine.Engine - INFO - [cached since 0.12s ago] (datetime.datetime(2026, 6, 26, 6, 36, 27, 967399),)
2026-07-26 12:21:27,982 - sqlalchemy.engine.Engine - INFO - ROLLBACK
2026-07-26 12:21:27,984 - sqlalchemy.engine.Engine - INFO - SELECT reading_passages.difficulty, avg((reading_attempts.score * $1::FLOAT) / CAST(reading_attempts.total_questions AS NUMERIC)) AS avg_1 
FROM reading_attempts JOIN reading_passages ON reading_attempts.passage_id = reading_passages.id 
WHERE reading_attempts.score IS NOT NULL GROUP BY reading_passages.difficulty
2026-07-26 12:21:27,985 - sqlalchemy.engine.Engine - INFO - [cached since 0.1157s ago] (100.0,)
2026-07-26 12:21:27,992 - sqlalchemy.engine.Engine - INFO - ROLLBACK
2026-07-26 12:21:43,241 - sqlalchemy.engine.Engine - INFO - BEGIN (implicit)
2026-07-26 12:21:43,244 - sqlalchemy.engine.Engine - INFO - SELECT users.id, users.email, users.full_name, users.hashed_password, users.target_band, users.role, users.current_speaking_level, users.current_listening_level, users.created_at 
FROM users 
WHERE users.id = $1::INTEGER
2026-07-26 12:21:43,244 - sqlalchemy.engine.Engine - INFO - [cached since 15.49s ago] (3,)
2026-07-26 12:21:43,252 - sqlalchemy.engine.Engine - INFO - SELECT count(users.id) AS count_1 
FROM users
2026-07-26 12:21:43,252 - sqlalchemy.engine.Engine - INFO - [cached since 15.45s ago] ()
2026-07-26 12:21:43,257 - sqlalchemy.engine.Engine - INFO - SELECT users.id, users.email, users.full_name, users.hashed_password, users.target_band, users.role, users.current_speaking_level, users.current_listening_level, users.created_at 
FROM users ORDER BY users.created_at DESC 
 LIMIT $1::INTEGER OFFSET $2::INTEGER
2026-07-26 12:21:43,257 - sqlalchemy.engine.Engine - INFO - [generated in 0.00219s] (10, 0)
2026-07-26 12:21:43,267 - sqlalchemy.engine.Engine - INFO - ROLLBACK
2026-07-26 12:21:43,273 - sqlalchemy.engine.Engine - INFO - BEGIN (implicit)
2026-07-26 12:21:43,276 - sqlalchemy.engine.Engine - INFO - SELECT users.id, users.email, users.full_name, users.hashed_password, users.target_band, users.role, users.current_speaking_level, users.current_listening_level, users.created_at 
FROM users 
WHERE users.id = $1::INTEGER
2026-07-26 12:21:43,278 - sqlalchemy.engine.Engine - INFO - [cached since 15.52s ago] (3,)
2026-07-26 12:21:43,278 - sqlalchemy.engine.Engine - INFO - SELECT count(users.id) AS count_1 
FROM users
2026-07-26 12:21:43,286 - sqlalchemy.engine.Engine - INFO - [cached since 15.48s ago] ()
2026-07-26 12:21:43,290 - sqlalchemy.engine.Engine - INFO - SELECT users.id, users.email, users.full_name, users.hashed_password, users.target_band, users.role, users.current_speaking_level, users.current_listening_level, users.created_at 
FROM users ORDER BY users.created_at DESC 
 LIMIT $1::INTEGER OFFSET $2::INTEGER
2026-07-26 12:21:43,291 - sqlalchemy.engine.Engine - INFO - [cached since 0.0332s ago] (10, 0)
2026-07-26 12:21:43,297 - sqlalchemy.engine.Engine - INFO - ROLLBACK
2026-07-26 12:21:46,577 - sqlalchemy.engine.Engine - INFO - BEGIN (implicit)
2026-07-26 12:21:46,577 - sqlalchemy.engine.Engine - INFO - SELECT users.id, users.email, users.full_name, users.hashed_password, users.target_band, users.role, users.current_speaking_level, users.current_listening_level, users.created_at 
FROM users 
WHERE users.id = $1::INTEGER
2026-07-26 12:21:46,584 - sqlalchemy.engine.Engine - INFO - [cached since 18.82s ago] (3,)
2026-07-26 12:21:46,587 - sqlalchemy.engine.Engine - INFO - SELECT count(study_resources.id) AS count_1 
FROM study_resources
2026-07-26 12:21:46,587 - sqlalchemy.engine.Engine - INFO - [cached since 18.78s ago] ()
2026-07-26 12:21:46,602 - sqlalchemy.engine.Engine - INFO - SELECT study_resources.id, study_resources.title, study_resources.description, study_resources.category, study_resources.file_name, study_resources.file_path, study_resources.file_size, study_resources.file_type, study_resources.thumbnail_url, study_resources.duration, study_resources.download_count, study_resources.uploaded_by, study_resources.created_at, study_resources.updated_at 
FROM study_resources ORDER BY study_resources.created_at DESC 
 LIMIT $1::INTEGER OFFSET $2::INTEGER
2026-07-26 12:21:46,602 - sqlalchemy.engine.Engine - INFO - [generated in 0.00228s] (10, 0)
2026-07-26 12:21:46,612 - sqlalchemy.engine.Engine - INFO - ROLLBACK
2026-07-26 12:21:46,612 - sqlalchemy.engine.Engine - INFO - BEGIN (implicit)
2026-07-26 12:21:46,618 - sqlalchemy.engine.Engine - INFO - SELECT users.id, users.email, users.full_name, users.hashed_password, users.target_band, users.role, users.current_speaking_level, users.current_listening_level, users.created_at 
FROM users 
WHERE users.id = $1::INTEGER
2026-07-26 12:21:46,621 - sqlalchemy.engine.Engine - INFO - [cached since 18.86s ago] (3,)
2026-07-26 12:21:46,623 - sqlalchemy.engine.Engine - INFO - SELECT count(study_resources.id) AS count_1 
FROM study_resources
2026-07-26 12:21:46,625 - sqlalchemy.engine.Engine - INFO - [cached since 18.82s ago] ()
2026-07-26 12:21:46,630 - sqlalchemy.engine.Engine - INFO - SELECT study_resources.id, study_resources.title, study_resources.description, study_resources.category, study_resources.file_name, study_resources.file_path, study_resources.file_size, study_resources.file_type, study_resources.thumbnail_url, study_resources.duration, study_resources.download_count, study_resources.uploaded_by, study_resources.created_at, study_resources.updated_at 
FROM study_resources ORDER BY study_resources.created_at DESC 
 LIMIT $1::INTEGER OFFSET $2::INTEGER
2026-07-26 12:21:46,631 - sqlalchemy.engine.Engine - INFO - [cached since 0.02834s ago] (10, 0)
2026-07-26 12:21:46,638 - sqlalchemy.engine.Engine - INFO - ROLLBACK
2026-07-26 12:21:54,222 - sqlalchemy.engine.Engine - INFO - BEGIN (implicit)
2026-07-26 12:21:54,224 - sqlalchemy.engine.Engine - INFO - SELECT users.id, users.email, users.full_name, users.hashed_password, users.target_band, users.role, users.current_speaking_level, users.current_listening_level, users.created_at 
FROM users 
WHERE users.id = $1::INTEGER
2026-07-26 12:21:54,227 - sqlalchemy.engine.Engine - INFO - [cached since 26.47s ago] (3,)
2026-07-26 12:21:54,231 - sqlalchemy.engine.Engine - INFO - SELECT count(reading_passages.id) AS count_1 
FROM reading_passages
2026-07-26 12:21:54,231 - sqlalchemy.engine.Engine - INFO - [cached since 26.41s ago] ()
2026-07-26 12:21:54,237 - sqlalchemy.engine.Engine - INFO - SELECT reading_passages.id, reading_passages.title, reading_passages.passage_text, reading_passages.difficulty, reading_passages.created_at 
FROM reading_passages ORDER BY reading_passages.created_at DESC 
 LIMIT $1::INTEGER OFFSET $2::INTEGER
2026-07-26 12:21:54,237 - sqlalchemy.engine.Engine - INFO - [generated in 0.00169s] (10, 0)
2026-07-26 12:21:54,247 - sqlalchemy.engine.Engine - INFO - ROLLBACK
2026-07-26 12:21:54,257 - sqlalchemy.engine.Engine - INFO - BEGIN (implicit)
2026-07-26 12:21:54,257 - sqlalchemy.engine.Engine - INFO - SELECT users.id, users.email, users.full_name, users.hashed_password, users.target_band, users.role, users.current_speaking_level, users.current_listening_level, users.created_at 
FROM users 
WHERE users.id = $1::INTEGER
2026-07-26 12:21:54,261 - sqlalchemy.engine.Engine - INFO - [cached since 26.5s ago] (3,)
2026-07-26 12:21:54,262 - sqlalchemy.engine.Engine - INFO - SELECT count(reading_passages.id) AS count_1 
FROM reading_passages
2026-07-26 12:21:54,267 - sqlalchemy.engine.Engine - INFO - [cached since 26.44s ago] ()
2026-07-26 12:21:54,267 - sqlalchemy.engine.Engine - INFO - SELECT reading_passages.id, reading_passages.title, reading_passages.passage_text, reading_passages.difficulty, reading_passages.created_at 
FROM reading_passages ORDER BY reading_passages.created_at DESC 
 LIMIT $1::INTEGER OFFSET $2::INTEGER
2026-07-26 12:21:54,267 - sqlalchemy.engine.Engine - INFO - [cached since 0.0346s ago] (10, 0)
2026-07-26 12:21:54,278 - sqlalchemy.engine.Engine - INFO - ROLLBACK
2026-07-26 12:21:59,220 - sqlalchemy.engine.Engine - INFO - BEGIN (implicit)
2026-07-26 12:21:59,220 - sqlalchemy.engine.Engine - INFO - SELECT users.id, users.email, users.full_name, users.hashed_password, users.target_band, users.role, users.current_speaking_level, users.current_listening_level, users.created_at 
FROM users 
WHERE users.id = $1::INTEGER
2026-07-26 12:21:59,220 - sqlalchemy.engine.Engine - INFO - [cached since 31.46s ago] (3,)
2026-07-26 12:21:59,227 - sqlalchemy.engine.Engine - INFO - BEGIN (implicit)
2026-07-26 12:21:59,231 - sqlalchemy.engine.Engine - INFO - SELECT users.id, users.email, users.full_name, users.hashed_password, users.target_band, users.role, users.current_speaking_level, users.current_listening_level, users.created_at 
FROM users 
WHERE users.id = $1::INTEGER
2026-07-26 12:21:59,234 - sqlalchemy.engine.Engine - INFO - [cached since 31.47s ago] (3,)
2026-07-26 12:21:59,237 - sqlalchemy.engine.Engine - INFO - SELECT count(reading_questions.id) AS count_1 
FROM reading_questions JOIN reading_passages ON reading_questions.passage_id = reading_passages.id
2026-07-26 12:21:59,237 - sqlalchemy.engine.Engine - INFO - [generated in 0.00235s] ()
2026-07-26 12:21:59,245 - sqlalchemy.engine.Engine - INFO - SELECT count(reading_passages.id) AS count_1 
FROM reading_passages
2026-07-26 12:21:59,247 - sqlalchemy.engine.Engine - INFO - [cached since 31.42s ago] ()
2026-07-26 12:21:59,250 - sqlalchemy.engine.Engine - INFO - SELECT reading_passages.id, reading_passages.title, reading_passages.passage_text, reading_passages.difficulty, reading_passages.created_at 
FROM reading_passages ORDER BY reading_passages.created_at DESC 
 LIMIT $1::INTEGER OFFSET $2::INTEGER
2026-07-26 12:21:59,250 - sqlalchemy.engine.Engine - INFO - [cached since 5.017s ago] (100, 0)
2026-07-26 12:21:59,262 - sqlalchemy.engine.Engine - INFO - SELECT reading_questions.id, reading_questions.passage_id, reading_questions.question_type, reading_questions.question_text, reading_questions.options, reading_questions.correct_answer, reading_questions.skill_type 
FROM reading_questions JOIN reading_passages ON reading_questions.passage_id = reading_passages.id ORDER BY reading_questions.id DESC 
 LIMIT $1::INTEGER OFFSET $2::INTEGER
2026-07-26 12:21:59,267 - sqlalchemy.engine.Engine - INFO - [generated in 0.00284s] (10, 0)
2026-07-26 12:21:59,271 - sqlalchemy.engine.Engine - INFO - ROLLBACK
2026-07-26 12:21:59,271 - sqlalchemy.engine.Engine - INFO - BEGIN (implicit)
2026-07-26 12:21:59,277 - sqlalchemy.engine.Engine - INFO - SELECT users.id, users.email, users.full_name, users.hashed_password, users.target_band, users.role, users.current_speaking_level, users.current_listening_level, users.created_at 
FROM users 
WHERE users.id = $1::INTEGER
2026-07-26 12:21:59,277 - sqlalchemy.engine.Engine - INFO - [cached since 31.52s ago] (3,)
2026-07-26 12:21:59,285 - sqlalchemy.engine.Engine - INFO - ROLLBACK
2026-07-26 12:21:59,291 - sqlalchemy.engine.Engine - INFO - SELECT count(reading_passages.id) AS count_1 
FROM reading_passages
2026-07-26 12:21:59,294 - sqlalchemy.engine.Engine - INFO - [cached since 31.47s ago] ()
2026-07-26 12:21:59,297 - sqlalchemy.engine.Engine - INFO - BEGIN (implicit)
2026-07-26 12:21:59,307 - sqlalchemy.engine.Engine - INFO - SELECT users.id, users.email, users.full_name, users.hashed_password, users.target_band, users.role, users.current_speaking_level, users.current_listening_level, users.created_at 
FROM users 
WHERE users.id = $1::INTEGER
2026-07-26 12:21:59,307 - sqlalchemy.engine.Engine - INFO - [cached since 31.55s ago] (3,)
2026-07-26 12:21:59,311 - sqlalchemy.engine.Engine - INFO - SELECT reading_passages.id, reading_passages.title, reading_passages.passage_text, reading_passages.difficulty, reading_passages.created_at 
FROM reading_passages ORDER BY reading_passages.created_at DESC 
 LIMIT $1::INTEGER OFFSET $2::INTEGER
2026-07-26 12:21:59,317 - sqlalchemy.engine.Engine - INFO - [cached since 5.079s ago] (100, 0)
2026-07-26 12:21:59,323 - sqlalchemy.engine.Engine - INFO - ROLLBACK
2026-07-26 12:21:59,327 - sqlalchemy.engine.Engine - INFO - SELECT count(reading_questions.id) AS count_1 
FROM reading_questions JOIN reading_passages ON reading_questions.passage_id = reading_passages.id
2026-07-26 12:21:59,327 - sqlalchemy.engine.Engine - INFO - [cached since 0.092s ago] ()
2026-07-26 12:21:59,327 - sqlalchemy.engine.Engine - INFO - SELECT reading_questions.id, reading_questions.passage_id, reading_questions.question_type, reading_questions.question_text, reading_questions.options, reading_questions.correct_answer, reading_questions.skill_type 
FROM reading_questions JOIN reading_passages ON reading_questions.passage_id = reading_passages.id ORDER BY reading_questions.id DESC 
 LIMIT $1::INTEGER OFFSET $2::INTEGER
2026-07-26 12:21:59,336 - sqlalchemy.engine.Engine - INFO - [cached since 0.07156s ago] (10, 0)
2026-07-26 12:21:59,342 - sqlalchemy.engine.Engine - INFO - ROLLBACK
2026-07-26 12:22:01,047 - sqlalchemy.engine.Engine - INFO - BEGIN (implicit)
2026-07-26 12:22:01,052 - sqlalchemy.engine.Engine - INFO - SELECT users.id, users.email, users.full_name, users.hashed_password, users.target_band, users.role, users.current_speaking_level, users.current_listening_level, users.created_at 
FROM users 
WHERE users.id = $1::INTEGER
2026-07-26 12:22:01,053 - sqlalchemy.engine.Engine - INFO - [cached since 33.29s ago] (3,)
2026-07-26 12:22:01,060 - sqlalchemy.engine.Engine - INFO - SELECT count(reading_attempts.id) AS count_1 
FROM reading_attempts JOIN users ON reading_attempts.user_id = users.id
2026-07-26 12:22:01,062 - sqlalchemy.engine.Engine - INFO - [generated in 0.00245s] ()
2026-07-26 12:22:01,069 - sqlalchemy.engine.Engine - INFO - SELECT reading_attempts.id, reading_attempts.user_id, reading_attempts.passage_id, reading_attempts.score, reading_attempts.total_questions, reading_attempts.created_at, reading_attempts.skill_type, users.full_name, users.email 
FROM reading_attempts JOIN users ON reading_attempts.user_id = users.id ORDER BY reading_attempts.created_at DESC 
 LIMIT $1::INTEGER OFFSET $2::INTEGER
2026-07-26 12:22:01,069 - sqlalchemy.engine.Engine - INFO - [generated in 0.00307s] (10, 0)
2026-07-26 12:22:01,077 - sqlalchemy.engine.Engine - INFO - ROLLBACK
2026-07-26 12:22:01,088 - sqlalchemy.engine.Engine - INFO - BEGIN (implicit)
2026-07-26 12:22:01,088 - sqlalchemy.engine.Engine - INFO - SELECT users.id, users.email, users.full_name, users.hashed_password, users.target_band, users.role, users.current_speaking_level, users.current_listening_level, users.created_at 
FROM users 
WHERE users.id = $1::INTEGER
2026-07-26 12:22:01,088 - sqlalchemy.engine.Engine - INFO - [cached since 33.33s ago] (3,)
2026-07-26 12:22:01,096 - sqlalchemy.engine.Engine - INFO - SELECT count(reading_attempts.id) AS count_1 
FROM reading_attempts JOIN users ON reading_attempts.user_id = users.id
2026-07-26 12:22:01,096 - sqlalchemy.engine.Engine - INFO - [cached since 0.03764s ago] ()
2026-07-26 12:22:01,103 - sqlalchemy.engine.Engine - INFO - SELECT reading_attempts.id, reading_attempts.user_id, reading_attempts.passage_id, reading_attempts.score, reading_attempts.total_questions, reading_attempts.created_at, reading_attempts.skill_type, users.full_name, users.email 
FROM reading_attempts JOIN users ON reading_attempts.user_id = users.id ORDER BY reading_attempts.created_at DESC 
 LIMIT $1::INTEGER OFFSET $2::INTEGER
2026-07-26 12:22:01,107 - sqlalchemy.engine.Engine - INFO - [cached since 0.0345s ago] (10, 0)
2026-07-26 12:22:01,114 - sqlalchemy.engine.Engine - INFO - ROLLBACK
2026-07-26 12:22:02,417 - sqlalchemy.engine.Engine - INFO - BEGIN (implicit)
2026-07-26 12:22:02,424 - sqlalchemy.engine.Engine - INFO - SELECT users.id, users.email, users.full_name, users.hashed_password, users.target_band, users.role, users.current_speaking_level, users.current_listening_level, users.created_at 
FROM users 
WHERE users.id = $1::INTEGER
2026-07-26 12:22:02,426 - sqlalchemy.engine.Engine - INFO - [cached since 34.67s ago] (3,)
2026-07-26 12:22:02,428 - sqlalchemy.engine.Engine - INFO - BEGIN (implicit)
2026-07-26 12:22:02,431 - sqlalchemy.engine.Engine - INFO - SELECT users.id, users.email, users.full_name, users.hashed_password, users.target_band, users.role, users.current_speaking_level, users.current_listening_level, users.created_at 
FROM users 
WHERE users.id = $1::INTEGER
2026-07-26 12:22:02,434 - sqlalchemy.engine.Engine - INFO - [cached since 34.67s ago] (3,)
2026-07-26 12:22:02,437 - sqlalchemy.engine.Engine - INFO - SELECT date(users.created_at) AS date, count(users.id) AS count 
FROM users 
WHERE users.created_at >= $1::TIMESTAMP WITH TIME ZONE GROUP BY date(users.created_at) ORDER BY date(users.created_at)
2026-07-26 12:22:02,437 - sqlalchemy.engine.Engine - INFO - [cached since 34.6s ago] (datetime.datetime(2026, 6, 26, 6, 37, 2, 437095),)
2026-07-26 12:22:02,445 - sqlalchemy.engine.Engine - INFO - SELECT count(users.id) AS count_1 
FROM users 
WHERE users.role = $1::VARCHAR
2026-07-26 12:22:02,445 - sqlalchemy.engine.Engine - INFO - [cached since 34.67s ago] ('student',)
2026-07-26 12:22:02,447 - sqlalchemy.engine.Engine - INFO - SELECT date(reading_attempts.created_at) AS date, count(reading_attempts.id) AS count 
FROM reading_attempts 
WHERE reading_attempts.created_at >= $1::TIMESTAMP WITH TIME ZONE GROUP BY date(reading_attempts.created_at) ORDER BY date(reading_attempts.created_at)
2026-07-26 12:22:02,447 - sqlalchemy.engine.Engine - INFO - [cached since 34.59s ago] (datetime.datetime(2026, 6, 26, 6, 37, 2, 437095),)
2026-07-26 12:22:02,453 - sqlalchemy.engine.Engine - INFO - SELECT count(users.id) AS count_1 
FROM users
2026-07-26 12:22:02,453 - sqlalchemy.engine.Engine - INFO - [cached since 34.65s ago] ()
2026-07-26 12:22:02,461 - sqlalchemy.engine.Engine - INFO - SELECT reading_passages.difficulty, avg((reading_attempts.score * $1::FLOAT) / CAST(reading_attempts.total_questions AS NUMERIC)) AS avg_1 
FROM reading_attempts JOIN reading_passages ON reading_attempts.passage_id = reading_passages.id 
WHERE reading_attempts.score IS NOT NULL GROUP BY reading_passages.difficulty
2026-07-26 12:22:02,461 - sqlalchemy.engine.Engine - INFO - [cached since 34.59s ago] (100.0,)
2026-07-26 12:22:02,469 - sqlalchemy.engine.Engine - INFO - SELECT count(study_resources.id) AS count_1 
FROM study_resources
2026-07-26 12:22:02,471 - sqlalchemy.engine.Engine - INFO - [cached since 34.66s ago] ()
2026-07-26 12:22:02,476 - sqlalchemy.engine.Engine - INFO - ROLLBACK
2026-07-26 12:22:02,479 - sqlalchemy.engine.Engine - INFO - SELECT count(reading_passages.id) AS count_1 
FROM reading_passages
2026-07-26 12:22:02,481 - sqlalchemy.engine.Engine - INFO - [cached since 34.66s ago] ()
2026-07-26 12:22:02,487 - sqlalchemy.engine.Engine - INFO - BEGIN (implicit)
2026-07-26 12:22:02,487 - sqlalchemy.engine.Engine - INFO - SELECT users.id, users.email, users.full_name, users.hashed_password, users.target_band, users.role, users.current_speaking_level, users.current_listening_level, users.created_at 
FROM users 
WHERE users.id = $1::INTEGER
2026-07-26 12:22:02,487 - sqlalchemy.engine.Engine - INFO - [cached since 34.73s ago] (3,)
2026-07-26 12:22:02,495 - sqlalchemy.engine.Engine - INFO - SELECT count(reading_questions.id) AS count_1 
FROM reading_questions
2026-07-26 12:22:02,497 - sqlalchemy.engine.Engine - INFO - [cached since 34.66s ago] ()
2026-07-26 12:22:02,502 - sqlalchemy.engine.Engine - INFO - SELECT count(reading_attempts.id) AS count_1 
FROM reading_attempts
2026-07-26 12:22:02,505 - sqlalchemy.engine.Engine - INFO - [cached since 34.65s ago] ()
2026-07-26 12:22:02,509 - sqlalchemy.engine.Engine - INFO - SELECT date(users.created_at) AS date, count(users.id) AS count 
FROM users 
WHERE users.created_at >= $1::TIMESTAMP WITH TIME ZONE GROUP BY date(users.created_at) ORDER BY date(users.created_at)
2026-07-26 12:22:02,511 - sqlalchemy.engine.Engine - INFO - [cached since 34.67s ago] (datetime.datetime(2026, 6, 26, 6, 37, 2, 507101),)
2026-07-26 12:22:02,512 - sqlalchemy.engine.Engine - INFO - SELECT avg((reading_attempts.score * $1::FLOAT) / CAST(reading_attempts.total_questions AS NUMERIC)) AS avg_1 
FROM reading_attempts 
WHERE reading_attempts.score IS NOT NULL
2026-07-26 12:22:02,517 - sqlalchemy.engine.Engine - INFO - [cached since 34.64s ago] (100.0,)
2026-07-26 12:22:02,522 - sqlalchemy.engine.Engine - INFO - SELECT date(reading_attempts.created_at) AS date, count(reading_attempts.id) AS count 
FROM reading_attempts 
WHERE reading_attempts.created_at >= $1::TIMESTAMP WITH TIME ZONE GROUP BY date(reading_attempts.created_at) ORDER BY date(reading_attempts.created_at)
2026-07-26 12:22:02,526 - sqlalchemy.engine.Engine - INFO - [cached since 34.67s ago] (datetime.datetime(2026, 6, 26, 6, 37, 2, 507101),)
2026-07-26 12:22:02,527 - sqlalchemy.engine.Engine - INFO - SELECT users.id, users.email, users.full_name, users.hashed_password, users.target_band, users.role, users.current_speaking_level, users.current_listening_level, users.created_at 
FROM users ORDER BY users.created_at DESC 
 LIMIT $1::INTEGER
2026-07-26 12:22:02,531 - sqlalchemy.engine.Engine - INFO - [cached since 34.65s ago] (5,)
2026-07-26 12:22:02,537 - sqlalchemy.engine.Engine - INFO - SELECT reading_passages.difficulty, avg((reading_attempts.score * $1::FLOAT) / CAST(reading_attempts.total_questions AS NUMERIC)) AS avg_1 
FROM reading_attempts JOIN reading_passages ON reading_attempts.passage_id = reading_passages.id 
WHERE reading_attempts.score IS NOT NULL GROUP BY reading_passages.difficulty
2026-07-26 12:22:02,537 - sqlalchemy.engine.Engine - INFO - [cached since 34.67s ago] (100.0,)
2026-07-26 12:22:02,542 - sqlalchemy.engine.Engine - INFO - SELECT users.role, count(users.id) AS count_1 
FROM users GROUP BY users.role
2026-07-26 12:22:02,543 - sqlalchemy.engine.Engine - INFO - [cached since 34.65s ago] ()
2026-07-26 12:22:02,547 - sqlalchemy.engine.Engine - INFO - ROLLBACK
2026-07-26 12:22:02,553 - sqlalchemy.engine.Engine - INFO - ROLLBACK
2026-07-26 12:22:02,557 - sqlalchemy.engine.Engine - INFO - BEGIN (implicit)
2026-07-26 12:22:02,559 - sqlalchemy.engine.Engine - INFO - SELECT users.id, users.email, users.full_name, users.hashed_password, users.target_band, users.role, users.current_speaking_level, users.current_listening_level, users.created_at 
FROM users 
WHERE users.id = $1::INTEGER
2026-07-26 12:22:02,561 - sqlalchemy.engine.Engine - INFO - [cached since 34.8s ago] (3,)
2026-07-26 12:22:02,567 - sqlalchemy.engine.Engine - INFO - SELECT count(users.id) AS count_1 
FROM users 
WHERE users.role = $1::VARCHAR
2026-07-26 12:22:02,569 - sqlalchemy.engine.Engine - INFO - [cached since 34.79s ago] ('student',)
2026-07-26 12:22:02,573 - sqlalchemy.engine.Engine - INFO - SELECT count(users.id) AS count_1 
FROM users
2026-07-26 12:22:02,575 - sqlalchemy.engine.Engine - INFO - [cached since 34.77s ago] ()
2026-07-26 12:22:02,578 - sqlalchemy.engine.Engine - INFO - SELECT count(study_resources.id) AS count_1 
FROM study_resources
2026-07-26 12:22:02,580 - sqlalchemy.engine.Engine - INFO - [cached since 34.77s ago] ()
2026-07-26 12:22:02,582 - sqlalchemy.engine.Engine - INFO - SELECT count(reading_passages.id) AS count_1 
FROM reading_passages
2026-07-26 12:22:02,584 - sqlalchemy.engine.Engine - INFO - [cached since 34.76s ago] ()
2026-07-26 12:22:02,587 - sqlalchemy.engine.Engine - INFO - SELECT count(reading_questions.id) AS count_1 
FROM reading_questions
2026-07-26 12:22:02,589 - sqlalchemy.engine.Engine - INFO - [cached since 34.75s ago] ()
2026-07-26 12:22:02,591 - sqlalchemy.engine.Engine - INFO - SELECT count(reading_attempts.id) AS count_1 
FROM reading_attempts
2026-07-26 12:22:02,593 - sqlalchemy.engine.Engine - INFO - [cached since 34.74s ago] ()
2026-07-26 12:22:02,596 - sqlalchemy.engine.Engine - INFO - SELECT avg((reading_attempts.score * $1::FLOAT) / CAST(reading_attempts.total_questions AS NUMERIC)) AS avg_1 
FROM reading_attempts 
WHERE reading_attempts.score IS NOT NULL
2026-07-26 12:22:02,597 - sqlalchemy.engine.Engine - INFO - [cached since 34.72s ago] (100.0,)
2026-07-26 12:22:02,601 - sqlalchemy.engine.Engine - INFO - SELECT users.id, users.email, users.full_name, users.hashed_password, users.target_band, users.role, users.current_speaking_level, users.current_listening_level, users.created_at 
FROM users ORDER BY users.created_at DESC 
 LIMIT $1::INTEGER
2026-07-26 12:22:02,602 - sqlalchemy.engine.Engine - INFO - [cached since 34.72s ago] (5,)
2026-07-26 12:22:02,606 - sqlalchemy.engine.Engine - INFO - SELECT users.role, count(users.id) AS count_1 
FROM users GROUP BY users.role
2026-07-26 12:22:02,607 - sqlalchemy.engine.Engine - INFO - [cached since 34.71s ago] ()
2026-07-26 12:22:02,611 - sqlalchemy.engine.Engine - INFO - ROLLBACK
2026-07-26 12:22:03,941 - sqlalchemy.engine.Engine - INFO - BEGIN (implicit)
2026-07-26 12:22:03,943 - sqlalchemy.engine.Engine - INFO - SELECT users.id, users.email, users.full_name, users.hashed_password, users.target_band, users.role, users.current_speaking_level, users.current_listening_level, users.created_at 
FROM users 
WHERE users.id = $1::INTEGER
2026-07-26 12:22:03,945 - sqlalchemy.engine.Engine - INFO - [cached since 36.18s ago] (3,)
2026-07-26 12:22:03,952 - sqlalchemy.engine.Engine - INFO - ROLLBACK
2026-07-26 12:22:03,952 - sqlalchemy.engine.Engine - INFO - BEGIN (implicit)
2026-07-26 12:22:03,957 - sqlalchemy.engine.Engine - INFO - SELECT users.id, users.email, users.full_name, users.hashed_password, users.target_band, users.role, users.current_speaking_level, users.current_listening_level, users.created_at 
FROM users 
WHERE users.id = $1::INTEGER
2026-07-26 12:22:03,960 - sqlalchemy.engine.Engine - INFO - [cached since 36.2s ago] (3,)
2026-07-26 12:22:03,967 - sqlalchemy.engine.Engine - INFO - ROLLBACK
2026-07-26 12:22:05,907 - sqlalchemy.engine.Engine - INFO - BEGIN (implicit)
2026-07-26 12:22:05,909 - sqlalchemy.engine.Engine - INFO - SELECT users.id, users.email, users.full_name, users.hashed_password, users.target_band, users.role, users.current_speaking_level, users.current_listening_level, users.created_at 
FROM users 
WHERE users.id = $1::INTEGER
2026-07-26 12:22:05,912 - sqlalchemy.engine.Engine - INFO - [cached since 38.15s ago] (3,)
2026-07-26 12:22:05,917 - sqlalchemy.engine.Engine - INFO - ROLLBACK
2026-07-26 12:22:05,921 - sqlalchemy.engine.Engine - INFO - BEGIN (implicit)
2026-07-26 12:22:05,921 - sqlalchemy.engine.Engine - INFO - SELECT users.id, users.email, users.full_name, users.hashed_password, users.target_band, users.role, users.current_speaking_level, users.current_listening_level, users.created_at 
FROM users 
WHERE users.id = $1::INTEGER
2026-07-26 12:22:05,926 - sqlalchemy.engine.Engine - INFO - [cached since 38.16s ago] (3,)
2026-07-26 12:22:05,930 - sqlalchemy.engine.Engine - INFO - ROLLBACK
2026-07-26 12:22:39,137 - sqlalchemy.engine.Engine - INFO - BEGIN (implicit)
2026-07-26 12:22:39,138 - sqlalchemy.engine.Engine - INFO - SELECT users.id, users.email, users.full_name, users.hashed_password, users.target_band, users.role, users.current_speaking_level, users.current_listening_level, users.created_at 
FROM users 
WHERE users.id = $1::INTEGER
2026-07-26 12:22:39,142 - sqlalchemy.engine.Engine - INFO - [cached since 71.38s ago] (3,)
2026-07-26 12:22:39,142 - sqlalchemy.engine.Engine - INFO - BEGIN (implicit)
2026-07-26 12:22:39,142 - sqlalchemy.engine.Engine - INFO - SELECT users.id, users.email, users.full_name, users.hashed_password, users.target_band, users.role, users.current_speaking_level, users.current_listening_level, users.created_at 
FROM users 
WHERE users.id = $1::INTEGER
2026-07-26 12:22:39,151 - sqlalchemy.engine.Engine - INFO - [cached since 71.39s ago] (3,)
2026-07-26 12:22:39,152 - sqlalchemy.engine.Engine - INFO - SELECT count(users.id) AS count_1 
FROM users 
WHERE users.role = $1::VARCHAR
2026-07-26 12:22:39,158 - sqlalchemy.engine.Engine - INFO - [cached since 71.38s ago] ('student',)
2026-07-26 12:22:39,159 - sqlalchemy.engine.Engine - INFO - SELECT date(users.created_at) AS date, count(users.id) AS count 
FROM users 
WHERE users.created_at >= $1::TIMESTAMP WITH TIME ZONE GROUP BY date(users.created_at) ORDER BY date(users.created_at)
2026-07-26 12:22:39,159 - sqlalchemy.engine.Engine - INFO - [cached since 71.33s ago] (datetime.datetime(2026, 6, 26, 6, 37, 39, 159045),)
2026-07-26 12:22:39,167 - sqlalchemy.engine.Engine - INFO - SELECT count(users.id) AS count_1 
FROM users
2026-07-26 12:22:39,185 - sqlalchemy.engine.Engine - INFO - [cached since 71.38s ago] ()
2026-07-26 12:22:39,193 - sqlalchemy.engine.Engine - INFO - SELECT date(reading_attempts.created_at) AS date, count(reading_attempts.id) AS count 
FROM reading_attempts 
WHERE reading_attempts.created_at >= $1::TIMESTAMP WITH TIME ZONE GROUP BY date(reading_attempts.created_at) ORDER BY date(reading_attempts.created_at)
2026-07-26 12:22:39,193 - sqlalchemy.engine.Engine - INFO - [cached since 71.34s ago] (datetime.datetime(2026, 6, 26, 6, 37, 39, 159045),)
2026-07-26 12:22:39,193 - sqlalchemy.engine.Engine - INFO - SELECT count(study_resources.id) AS count_1 
FROM study_resources
2026-07-26 12:22:39,193 - sqlalchemy.engine.Engine - INFO - [cached since 71.39s ago] ()
2026-07-26 12:22:39,202 - sqlalchemy.engine.Engine - INFO - SELECT reading_passages.difficulty, avg((reading_attempts.score * $1::FLOAT) / CAST(reading_attempts.total_questions AS NUMERIC)) AS avg_1 
FROM reading_attempts JOIN reading_passages ON reading_attempts.passage_id = reading_passages.id 
WHERE reading_attempts.score IS NOT NULL GROUP BY reading_passages.difficulty
2026-07-26 12:22:39,208 - sqlalchemy.engine.Engine - INFO - [cached since 71.34s ago] (100.0,)
2026-07-26 12:22:39,209 - sqlalchemy.engine.Engine - INFO - SELECT count(reading_passages.id) AS count_1 
FROM reading_passages
2026-07-26 12:22:39,209 - sqlalchemy.engine.Engine - INFO - [cached since 71.39s ago] ()
2026-07-26 12:22:39,217 - sqlalchemy.engine.Engine - INFO - ROLLBACK
2026-07-26 12:22:39,223 - sqlalchemy.engine.Engine - INFO - SELECT count(reading_questions.id) AS count_1 
FROM reading_questions
2026-07-26 12:22:39,223 - sqlalchemy.engine.Engine - INFO - [cached since 71.38s ago] ()
2026-07-26 12:22:39,227 - sqlalchemy.engine.Engine - INFO - SELECT count(reading_attempts.id) AS count_1 
FROM reading_attempts
2026-07-26 12:22:39,227 - sqlalchemy.engine.Engine - INFO - [cached since 71.38s ago] ()
2026-07-26 12:22:39,234 - sqlalchemy.engine.Engine - INFO - BEGIN (implicit)
2026-07-26 12:22:39,234 - sqlalchemy.engine.Engine - INFO - SELECT users.id, users.email, users.full_name, users.hashed_password, users.target_band, users.role, users.current_speaking_level, users.current_listening_level, users.created_at 
FROM users 
WHERE users.id = $1::INTEGER
2026-07-26 12:22:39,242 - sqlalchemy.engine.Engine - INFO - [cached since 71.48s ago] (3,)
2026-07-26 12:22:39,242 - sqlalchemy.engine.Engine - INFO - SELECT avg((reading_attempts.score * $1::FLOAT) / CAST(reading_attempts.total_questions AS NUMERIC)) AS avg_1 
FROM reading_attempts 
WHERE reading_attempts.score IS NOT NULL
2026-07-26 12:22:39,251 - sqlalchemy.engine.Engine - INFO - [cached since 71.38s ago] (100.0,)
2026-07-26 12:22:39,251 - sqlalchemy.engine.Engine - INFO - SELECT users.id, users.email, users.full_name, users.hashed_password, users.target_band, users.role, users.current_speaking_level, users.current_listening_level, users.created_at 
FROM users ORDER BY users.created_at DESC 
 LIMIT $1::INTEGER
2026-07-26 12:22:39,258 - sqlalchemy.engine.Engine - INFO - [cached since 71.38s ago] (5,)
2026-07-26 12:22:39,259 - sqlalchemy.engine.Engine - INFO - SELECT date(users.created_at) AS date, count(users.id) AS count 
FROM users 
WHERE users.created_at >= $1::TIMESTAMP WITH TIME ZONE GROUP BY date(users.created_at) ORDER BY date(users.created_at)
2026-07-26 12:22:39,266 - sqlalchemy.engine.Engine - INFO - [cached since 71.43s ago] (datetime.datetime(2026, 6, 26, 6, 37, 39, 259669),)
2026-07-26 12:22:39,269 - sqlalchemy.engine.Engine - INFO - SELECT users.role, count(users.id) AS count_1 
FROM users GROUP BY users.role
2026-07-26 12:22:39,269 - sqlalchemy.engine.Engine - INFO - [cached since 71.38s ago] ()
2026-07-26 12:22:39,280 - sqlalchemy.engine.Engine - INFO - SELECT date(reading_attempts.created_at) AS date, count(reading_attempts.id) AS count 
FROM reading_attempts 
WHERE reading_attempts.created_at >= $1::TIMESTAMP WITH TIME ZONE GROUP BY date(reading_attempts.created_at) ORDER BY date(reading_attempts.created_at)
2026-07-26 12:22:39,283 - sqlalchemy.engine.Engine - INFO - [cached since 71.43s ago] (datetime.datetime(2026, 6, 26, 6, 37, 39, 259669),)
2026-07-26 12:22:39,284 - sqlalchemy.engine.Engine - INFO - ROLLBACK
2026-07-26 12:22:39,293 - sqlalchemy.engine.Engine - INFO - SELECT reading_passages.difficulty, avg((reading_attempts.score * $1::FLOAT) / CAST(reading_attempts.total_questions AS NUMERIC)) AS avg_1 
FROM reading_attempts JOIN reading_passages ON reading_attempts.passage_id = reading_passages.id 
WHERE reading_attempts.score IS NOT NULL GROUP BY reading_passages.difficulty
2026-07-26 12:22:39,293 - sqlalchemy.engine.Engine - INFO - [cached since 71.43s ago] (100.0,)
2026-07-26 12:22:39,298 - sqlalchemy.engine.Engine - INFO - BEGIN (implicit)
2026-07-26 12:22:39,302 - sqlalchemy.engine.Engine - INFO - SELECT users.id, users.email, users.full_name, users.hashed_password, users.target_band, users.role, users.current_speaking_level, users.current_listening_level, users.created_at 
FROM users 
WHERE users.id = $1::INTEGER
2026-07-26 12:22:39,303 - sqlalchemy.engine.Engine - INFO - [cached since 71.54s ago] (3,)
2026-07-26 12:22:39,309 - sqlalchemy.engine.Engine - INFO - ROLLBACK
2026-07-26 12:22:39,314 - sqlalchemy.engine.Engine - INFO - SELECT count(users.id) AS count_1 
FROM users 
WHERE users.role = $1::VARCHAR
2026-07-26 12:22:39,315 - sqlalchemy.engine.Engine - INFO - [cached since 71.54s ago] ('student',)
2026-07-26 12:22:39,318 - sqlalchemy.engine.Engine - INFO - SELECT count(users.id) AS count_1 
FROM users
2026-07-26 12:22:39,320 - sqlalchemy.engine.Engine - INFO - [cached since 71.52s ago] ()
2026-07-26 12:22:39,323 - sqlalchemy.engine.Engine - INFO - SELECT count(study_resources.id) AS count_1 
FROM study_resources
2026-07-26 12:22:39,324 - sqlalchemy.engine.Engine - INFO - [cached since 71.51s ago] ()
2026-07-26 12:22:39,327 - sqlalchemy.engine.Engine - INFO - SELECT count(reading_passages.id) AS count_1 
FROM reading_passages
2026-07-26 12:22:39,328 - sqlalchemy.engine.Engine - INFO - [cached since 71.5s ago] ()
2026-07-26 12:22:39,330 - sqlalchemy.engine.Engine - INFO - SELECT count(reading_questions.id) AS count_1 
FROM reading_questions
2026-07-26 12:22:39,331 - sqlalchemy.engine.Engine - INFO - [cached since 71.49s ago] ()
2026-07-26 12:22:39,333 - sqlalchemy.engine.Engine - INFO - SELECT count(reading_attempts.id) AS count_1 
FROM reading_attempts
2026-07-26 12:22:39,334 - sqlalchemy.engine.Engine - INFO - [cached since 71.48s ago] ()
2026-07-26 12:22:39,337 - sqlalchemy.engine.Engine - INFO - SELECT avg((reading_attempts.score * $1::FLOAT) / CAST(reading_attempts.total_questions AS NUMERIC)) AS avg_1 
FROM reading_attempts 
WHERE reading_attempts.score IS NOT NULL
2026-07-26 12:22:39,337 - sqlalchemy.engine.Engine - INFO - [cached since 71.46s ago] (100.0,)
2026-07-26 12:22:39,339 - sqlalchemy.engine.Engine - INFO - SELECT users.id, users.email, users.full_name, users.hashed_password, users.target_band, users.role, users.current_speaking_level, users.current_listening_level, users.created_at 
FROM users ORDER BY users.created_at DESC 
 LIMIT $1::INTEGER
2026-07-26 12:22:39,343 - sqlalchemy.engine.Engine - INFO - [cached since 71.46s ago] (5,)
2026-07-26 12:22:39,345 - sqlalchemy.engine.Engine - INFO - SELECT users.role, count(users.id) AS count_1 
FROM users GROUP BY users.role
2026-07-26 12:22:39,347 - sqlalchemy.engine.Engine - INFO - [cached since 71.45s ago] ()
2026-07-26 12:22:39,350 - sqlalchemy.engine.Engine - INFO - ROLLBACK
2026-07-26 12:23:04,768 - sqlalchemy.engine.Engine - INFO - BEGIN (implicit)
2026-07-26 12:23:04,775 - sqlalchemy.engine.Engine - INFO - SELECT users.id, users.email, users.full_name, users.hashed_password, users.target_band, users.role, users.current_speaking_level, users.current_listening_level, users.created_at 
FROM users 
WHERE users.id = $1::INTEGER
2026-07-26 12:23:04,775 - sqlalchemy.engine.Engine - INFO - [cached since 97.02s ago] (3,)
2026-07-26 12:23:04,784 - sqlalchemy.engine.Engine - INFO - SELECT count(users.id) AS count_1 
FROM users
2026-07-26 12:23:04,784 - sqlalchemy.engine.Engine - INFO - [cached since 96.98s ago] ()
2026-07-26 12:23:04,790 - sqlalchemy.engine.Engine - INFO - SELECT users.id, users.email, users.full_name, users.hashed_password, users.target_band, users.role, users.current_speaking_level, users.current_listening_level, users.created_at 
FROM users ORDER BY users.created_at DESC 
 LIMIT $1::INTEGER OFFSET $2::INTEGER
2026-07-26 12:23:04,790 - sqlalchemy.engine.Engine - INFO - [cached since 81.54s ago] (10, 0)
2026-07-26 12:23:04,790 - sqlalchemy.engine.Engine - INFO - ROLLBACK
2026-07-26 12:23:04,809 - sqlalchemy.engine.Engine - INFO - BEGIN (implicit)
2026-07-26 12:23:04,809 - sqlalchemy.engine.Engine - INFO - SELECT users.id, users.email, users.full_name, users.hashed_password, users.target_band, users.role, users.current_speaking_level, users.current_listening_level, users.created_at 
FROM users 
WHERE users.id = $1::INTEGER
2026-07-26 12:23:04,809 - sqlalchemy.engine.Engine - INFO - [cached since 97.05s ago] (3,)
2026-07-26 12:23:04,818 - sqlalchemy.engine.Engine - INFO - SELECT count(users.id) AS count_1 
FROM users
2026-07-26 12:23:04,819 - sqlalchemy.engine.Engine - INFO - [cached since 97.02s ago] ()
2026-07-26 12:23:04,824 - sqlalchemy.engine.Engine - INFO - SELECT users.id, users.email, users.full_name, users.hashed_password, users.target_band, users.role, users.current_speaking_level, users.current_listening_level, users.created_at 
FROM users ORDER BY users.created_at DESC 
 LIMIT $1::INTEGER OFFSET $2::INTEGER
2026-07-26 12:23:04,824 - sqlalchemy.engine.Engine - INFO - [cached since 81.57s ago] (10, 0)
2026-07-26 12:23:04,824 - sqlalchemy.engine.Engine - INFO - ROLLBACK
2026-07-26 12:23:12,741 - sqlalchemy.engine.Engine - INFO - BEGIN (implicit)
2026-07-26 12:23:12,746 - sqlalchemy.engine.Engine - INFO - SELECT users.id, users.email, users.full_name, users.hashed_password, users.target_band, users.role, users.current_speaking_level, users.current_listening_level, users.created_at 
FROM users 
WHERE users.id = $1::INTEGER
2026-07-26 12:23:12,747 - sqlalchemy.engine.Engine - INFO - [cached since 105s ago] (3,)
2026-07-26 12:23:12,758 - sqlalchemy.engine.Engine - INFO - SELECT count(study_resources.id) AS count_1 
FROM study_resources
2026-07-26 12:23:12,759 - sqlalchemy.engine.Engine - INFO - [cached since 105s ago] ()
2026-07-26 12:23:12,768 - sqlalchemy.engine.Engine - INFO - SELECT study_resources.id, study_resources.title, study_resources.description, study_resources.category, study_resources.file_name, study_resources.file_path, study_resources.file_size, study_resources.file_type, study_resources.thumbnail_url, study_resources.duration, study_resources.download_count, study_resources.uploaded_by, study_resources.created_at, study_resources.updated_at 
FROM study_resources ORDER BY study_resources.created_at DESC 
 LIMIT $1::INTEGER OFFSET $2::INTEGER
2026-07-26 12:23:12,769 - sqlalchemy.engine.Engine - INFO - [cached since 86.17s ago] (10, 0)
2026-07-26 12:23:12,776 - sqlalchemy.engine.Engine - INFO - ROLLBACK
2026-07-26 12:23:12,784 - sqlalchemy.engine.Engine - INFO - BEGIN (implicit)
2026-07-26 12:23:12,784 - sqlalchemy.engine.Engine - INFO - SELECT users.id, users.email, users.full_name, users.hashed_password, users.target_band, users.role, users.current_speaking_level, users.current_listening_level, users.created_at 
FROM users 
WHERE users.id = $1::INTEGER
2026-07-26 12:23:12,792 - sqlalchemy.engine.Engine - INFO - [cached since 105s ago] (3,)
2026-07-26 12:23:12,799 - sqlalchemy.engine.Engine - INFO - SELECT count(study_resources.id) AS count_1 
FROM study_resources
2026-07-26 12:23:12,801 - sqlalchemy.engine.Engine - INFO - [cached since 105s ago] ()
2026-07-26 12:23:12,806 - sqlalchemy.engine.Engine - INFO - SELECT study_resources.id, study_resources.title, study_resources.description, study_resources.category, study_resources.file_name, study_resources.file_path, study_resources.file_size, study_resources.file_type, study_resources.thumbnail_url, study_resources.duration, study_resources.download_count, study_resources.uploaded_by, study_resources.created_at, study_resources.updated_at 
FROM study_resources ORDER BY study_resources.created_at DESC 
 LIMIT $1::INTEGER OFFSET $2::INTEGER
2026-07-26 12:23:12,807 - sqlalchemy.engine.Engine - INFO - [cached since 86.2s ago] (10, 0)
2026-07-26 12:23:12,814 - sqlalchemy.engine.Engine - INFO - ROLLBACK
2026-07-26 12:23:18,906 - sqlalchemy.engine.Engine - INFO - BEGIN (implicit)
2026-07-26 12:23:18,909 - sqlalchemy.engine.Engine - INFO - SELECT users.id, users.email, users.full_name, users.hashed_password, users.target_band, users.role, users.current_speaking_level, users.current_listening_level, users.created_at 
FROM users 
WHERE users.id = $1::INTEGER
2026-07-26 12:23:18,913 - sqlalchemy.engine.Engine - INFO - [cached since 111.2s ago] (3,)
2026-07-26 12:23:18,914 - sqlalchemy.engine.Engine - INFO - SELECT count(reading_passages.id) AS count_1 
FROM reading_passages
2026-07-26 12:23:18,914 - sqlalchemy.engine.Engine - INFO - [cached since 111.1s ago] ()
2026-07-26 12:23:18,914 - sqlalchemy.engine.Engine - INFO - SELECT reading_passages.id, reading_passages.title, reading_passages.passage_text, reading_passages.difficulty, reading_passages.created_at 
FROM reading_passages ORDER BY reading_passages.created_at DESC 
 LIMIT $1::INTEGER OFFSET $2::INTEGER
2026-07-26 12:23:18,929 - sqlalchemy.engine.Engine - INFO - [cached since 84.69s ago] (10, 0)
2026-07-26 12:23:18,929 - sqlalchemy.engine.Engine - INFO - ROLLBACK
2026-07-26 12:23:18,929 - sqlalchemy.engine.Engine - INFO - BEGIN (implicit)
2026-07-26 12:23:18,943 - sqlalchemy.engine.Engine - INFO - SELECT users.id, users.email, users.full_name, users.hashed_password, users.target_band, users.role, users.current_speaking_level, users.current_listening_level, users.created_at 
FROM users 
WHERE users.id = $1::INTEGER
2026-07-26 12:23:18,944 - sqlalchemy.engine.Engine - INFO - [cached since 111.2s ago] (3,)
2026-07-26 12:23:18,944 - sqlalchemy.engine.Engine - INFO - SELECT count(reading_passages.id) AS count_1 
FROM reading_passages
2026-07-26 12:23:18,944 - sqlalchemy.engine.Engine - INFO - [cached since 111.1s ago] ()
2026-07-26 12:23:18,944 - sqlalchemy.engine.Engine - INFO - SELECT reading_passages.id, reading_passages.title, reading_passages.passage_text, reading_passages.difficulty, reading_passages.created_at 
FROM reading_passages ORDER BY reading_passages.created_at DESC 
 LIMIT $1::INTEGER OFFSET $2::INTEGER
2026-07-26 12:23:18,960 - sqlalchemy.engine.Engine - INFO - [cached since 84.72s ago] (10, 0)
2026-07-26 12:23:18,960 - sqlalchemy.engine.Engine - INFO - ROLLBACK
2026-07-26 12:23:25,100 - sqlalchemy.engine.Engine - INFO - BEGIN (implicit)
2026-07-26 12:23:25,103 - sqlalchemy.engine.Engine - INFO - SELECT users.id, users.email, users.full_name, users.hashed_password, users.target_band, users.role, users.current_speaking_level, users.current_listening_level, users.created_at 
FROM users 
WHERE users.id = $1::INTEGER
2026-07-26 12:23:25,107 - sqlalchemy.engine.Engine - INFO - [cached since 117.3s ago] (3,)
2026-07-26 12:23:25,116 - sqlalchemy.engine.Engine - INFO - BEGIN (implicit)
2026-07-26 12:23:25,116 - sqlalchemy.engine.Engine - INFO - SELECT users.id, users.email, users.full_name, users.hashed_password, users.target_band, users.role, users.current_speaking_level, users.current_listening_level, users.created_at 
FROM users 
WHERE users.id = $1::INTEGER
2026-07-26 12:23:25,116 - sqlalchemy.engine.Engine - INFO - [cached since 117.4s ago] (3,)
2026-07-26 12:23:25,125 - sqlalchemy.engine.Engine - INFO - SELECT count(reading_questions.id) AS count_1 
FROM reading_questions JOIN reading_passages ON reading_questions.passage_id = reading_passages.id
2026-07-26 12:23:25,125 - sqlalchemy.engine.Engine - INFO - [cached since 85.89s ago] ()
2026-07-26 12:23:25,133 - sqlalchemy.engine.Engine - INFO - SELECT reading_questions.id, reading_questions.passage_id, reading_questions.question_type, reading_questions.question_text, reading_questions.options, reading_questions.correct_answer, reading_questions.skill_type 
FROM reading_questions JOIN reading_passages ON reading_questions.passage_id = reading_passages.id ORDER BY reading_questions.id DESC 
 LIMIT $1::INTEGER OFFSET $2::INTEGER
2026-07-26 12:23:25,133 - sqlalchemy.engine.Engine - INFO - [cached since 85.87s ago] (10, 0)
2026-07-26 12:23:25,141 - sqlalchemy.engine.Engine - INFO - SELECT count(reading_passages.id) AS count_1 
FROM reading_passages
2026-07-26 12:23:25,141 - sqlalchemy.engine.Engine - INFO - [cached since 117.3s ago] ()
2026-07-26 12:23:25,149 - sqlalchemy.engine.Engine - INFO - ROLLBACK
2026-07-26 12:23:25,149 - sqlalchemy.engine.Engine - INFO - SELECT reading_passages.id, reading_passages.title, reading_passages.passage_text, reading_passages.difficulty, reading_passages.created_at 
FROM reading_passages ORDER BY reading_passages.created_at DESC 
 LIMIT $1::INTEGER OFFSET $2::INTEGER
2026-07-26 12:23:25,158 - sqlalchemy.engine.Engine - INFO - [cached since 90.92s ago] (100, 0)
2026-07-26 12:23:25,166 - sqlalchemy.engine.Engine - INFO - BEGIN (implicit)
2026-07-26 12:23:25,166 - sqlalchemy.engine.Engine - INFO - SELECT users.id, users.email, users.full_name, users.hashed_password, users.target_band, users.role, users.current_speaking_level, users.current_listening_level, users.created_at 
FROM users 
WHERE users.id = $1::INTEGER
2026-07-26 12:23:25,166 - sqlalchemy.engine.Engine - INFO - [cached since 117.4s ago] (3,)
2026-07-26 12:23:25,174 - sqlalchemy.engine.Engine - INFO - ROLLBACK
2026-07-26 12:23:25,174 - sqlalchemy.engine.Engine - INFO - BEGIN (implicit)
2026-07-26 12:23:25,183 - sqlalchemy.engine.Engine - INFO - SELECT users.id, users.email, users.full_name, users.hashed_password, users.target_band, users.role, users.current_speaking_level, users.current_listening_level, users.created_at 
FROM users 
WHERE users.id = $1::INTEGER
2026-07-26 12:23:25,183 - sqlalchemy.engine.Engine - INFO - [cached since 117.4s ago] (3,)
2026-07-26 12:23:25,192 - sqlalchemy.engine.Engine - INFO - SELECT count(reading_questions.id) AS count_1 
FROM reading_questions JOIN reading_passages ON reading_questions.passage_id = reading_passages.id
2026-07-26 12:23:25,192 - sqlalchemy.engine.Engine - INFO - [cached since 85.96s ago] ()
2026-07-26 12:23:25,200 - sqlalchemy.engine.Engine - INFO - SELECT count(reading_passages.id) AS count_1 
FROM reading_passages
2026-07-26 12:23:25,200 - sqlalchemy.engine.Engine - INFO - [cached since 117.4s ago] ()
2026-07-26 12:23:25,208 - sqlalchemy.engine.Engine - INFO - SELECT reading_questions.id, reading_questions.passage_id, reading_questions.question_type, reading_questions.question_text, reading_questions.options, reading_questions.correct_answer, reading_questions.skill_type 
FROM reading_questions JOIN reading_passages ON reading_questions.passage_id = reading_passages.id ORDER BY reading_questions.id DESC 
 LIMIT $1::INTEGER OFFSET $2::INTEGER
2026-07-26 12:23:25,208 - sqlalchemy.engine.Engine - INFO - [cached since 85.95s ago] (10, 0)
2026-07-26 12:23:25,217 - sqlalchemy.engine.Engine - INFO - SELECT reading_passages.id, reading_passages.title, reading_passages.passage_text, reading_passages.difficulty, reading_passages.created_at 
FROM reading_passages ORDER BY reading_passages.created_at DESC 
 LIMIT $1::INTEGER OFFSET $2::INTEGER
2026-07-26 12:23:25,217 - sqlalchemy.engine.Engine - INFO - [cached since 90.98s ago] (100, 0)
2026-07-26 12:23:25,225 - sqlalchemy.engine.Engine - INFO - ROLLBACK
2026-07-26 12:23:25,233 - sqlalchemy.engine.Engine - INFO - ROLLBACK
2026-07-26 12:23:26,985 - sqlalchemy.engine.Engine - INFO - BEGIN (implicit)
2026-07-26 12:23:26,990 - sqlalchemy.engine.Engine - INFO - SELECT users.id, users.email, users.full_name, users.hashed_password, users.target_band, users.role, users.current_speaking_level, users.current_listening_level, users.created_at 
FROM users 
WHERE users.id = $1::INTEGER
2026-07-26 12:23:26,991 - sqlalchemy.engine.Engine - INFO - [cached since 119.2s ago] (3,)
2026-07-26 12:23:26,999 - sqlalchemy.engine.Engine - INFO - SELECT count(reading_attempts.id) AS count_1 
FROM reading_attempts JOIN users ON reading_attempts.user_id = users.id
2026-07-26 12:23:26,999 - sqlalchemy.engine.Engine - INFO - [cached since 85.94s ago] ()
2026-07-26 12:23:27,007 - sqlalchemy.engine.Engine - INFO - SELECT reading_attempts.id, reading_attempts.user_id, reading_attempts.passage_id, reading_attempts.score, reading_attempts.total_questions, reading_attempts.created_at, reading_attempts.skill_type, users.full_name, users.email 
FROM reading_attempts JOIN users ON reading_attempts.user_id = users.id ORDER BY reading_attempts.created_at DESC 
 LIMIT $1::INTEGER OFFSET $2::INTEGER
2026-07-26 12:23:27,007 - sqlalchemy.engine.Engine - INFO - [cached since 85.94s ago] (10, 0)
2026-07-26 12:23:27,015 - sqlalchemy.engine.Engine - INFO - ROLLBACK
2026-07-26 12:23:27,019 - sqlalchemy.engine.Engine - INFO - BEGIN (implicit)
2026-07-26 12:23:27,019 - sqlalchemy.engine.Engine - INFO - SELECT users.id, users.email, users.full_name, users.hashed_password, users.target_band, users.role, users.current_speaking_level, users.current_listening_level, users.created_at 
FROM users 
WHERE users.id = $1::INTEGER
2026-07-26 12:23:27,024 - sqlalchemy.engine.Engine - INFO - [cached since 119.3s ago] (3,)
2026-07-26 12:23:27,024 - sqlalchemy.engine.Engine - INFO - SELECT count(reading_attempts.id) AS count_1 
FROM reading_attempts JOIN users ON reading_attempts.user_id = users.id
2026-07-26 12:23:27,024 - sqlalchemy.engine.Engine - INFO - [cached since 85.97s ago] ()
2026-07-26 12:23:27,034 - sqlalchemy.engine.Engine - INFO - SELECT reading_attempts.id, reading_attempts.user_id, reading_attempts.passage_id, reading_attempts.score, reading_attempts.total_questions, reading_attempts.created_at, reading_attempts.skill_type, users.full_name, users.email 
FROM reading_attempts JOIN users ON reading_attempts.user_id = users.id ORDER BY reading_attempts.created_at DESC 
 LIMIT $1::INTEGER OFFSET $2::INTEGER
2026-07-26 12:23:27,041 - sqlalchemy.engine.Engine - INFO - [cached since 85.97s ago] (10, 0)
2026-07-26 12:23:27,041 - sqlalchemy.engine.Engine - INFO - ROLLBACK
2026-07-26 12:23:29,470 - sqlalchemy.engine.Engine - INFO - BEGIN (implicit)
2026-07-26 12:23:29,474 - sqlalchemy.engine.Engine - INFO - SELECT users.id, users.email, users.full_name, users.hashed_password, users.target_band, users.role, users.current_speaking_level, users.current_listening_level, users.created_at 
FROM users 
WHERE users.id = $1::INTEGER
2026-07-26 12:23:29,474 - sqlalchemy.engine.Engine - INFO - [cached since 121.7s ago] (3,)
2026-07-26 12:23:29,481 - sqlalchemy.engine.Engine - INFO - BEGIN (implicit)
2026-07-26 12:23:29,482 - sqlalchemy.engine.Engine - INFO - SELECT users.id, users.email, users.full_name, users.hashed_password, users.target_band, users.role, users.current_speaking_level, users.current_listening_level, users.created_at 
FROM users 
WHERE users.id = $1::INTEGER
2026-07-26 12:23:29,484 - sqlalchemy.engine.Engine - INFO - [cached since 121.7s ago] (3,)
2026-07-26 12:23:29,484 - sqlalchemy.engine.Engine - INFO - SELECT date(users.created_at) AS date, count(users.id) AS count 
FROM users 
WHERE users.created_at >= $1::TIMESTAMP WITH TIME ZONE GROUP BY date(users.created_at) ORDER BY date(users.created_at)
2026-07-26 12:23:29,490 - sqlalchemy.engine.Engine - INFO - [cached since 121.7s ago] (datetime.datetime(2026, 6, 26, 6, 38, 29, 484749),)
2026-07-26 12:23:29,491 - sqlalchemy.engine.Engine - INFO - SELECT count(users.id) AS count_1 
FROM users 
WHERE users.role = $1::VARCHAR
2026-07-26 12:23:29,491 - sqlalchemy.engine.Engine - INFO - [cached since 121.7s ago] ('student',)
2026-07-26 12:23:29,500 - sqlalchemy.engine.Engine - INFO - SELECT date(reading_attempts.created_at) AS date, count(reading_attempts.id) AS count 
FROM reading_attempts 
WHERE reading_attempts.created_at >= $1::TIMESTAMP WITH TIME ZONE GROUP BY date(reading_attempts.created_at) ORDER BY date(reading_attempts.created_at)
2026-07-26 12:23:29,500 - sqlalchemy.engine.Engine - INFO - [cached since 121.6s ago] (datetime.datetime(2026, 6, 26, 6, 38, 29, 484749),)
2026-07-26 12:23:29,508 - sqlalchemy.engine.Engine - INFO - SELECT count(users.id) AS count_1 
FROM users
2026-07-26 12:23:29,508 - sqlalchemy.engine.Engine - INFO - [cached since 121.7s ago] ()
2026-07-26 12:23:29,516 - sqlalchemy.engine.Engine - INFO - SELECT count(study_resources.id) AS count_1 
FROM study_resources
2026-07-26 12:23:29,516 - sqlalchemy.engine.Engine - INFO - [cached since 121.7s ago] ()
2026-07-26 12:23:29,525 - sqlalchemy.engine.Engine - INFO - SELECT reading_passages.difficulty, avg((reading_attempts.score * $1::FLOAT) / CAST(reading_attempts.total_questions AS NUMERIC)) AS avg_1 
FROM reading_attempts JOIN reading_passages ON reading_attempts.passage_id = reading_passages.id 
WHERE reading_attempts.score IS NOT NULL GROUP BY reading_passages.difficulty
2026-07-26 12:23:29,525 - sqlalchemy.engine.Engine - INFO - [cached since 121.7s ago] (100.0,)
2026-07-26 12:23:29,533 - sqlalchemy.engine.Engine - INFO - SELECT count(reading_passages.id) AS count_1 
FROM reading_passages
2026-07-26 12:23:29,536 - sqlalchemy.engine.Engine - INFO - [cached since 121.7s ago] ()
2026-07-26 12:23:29,541 - sqlalchemy.engine.Engine - INFO - SELECT count(reading_questions.id) AS count_1 
FROM reading_questions
2026-07-26 12:23:29,541 - sqlalchemy.engine.Engine - INFO - [cached since 121.7s ago] ()
2026-07-26 12:23:29,551 - sqlalchemy.engine.Engine - INFO - ROLLBACK
2026-07-26 12:23:29,558 - sqlalchemy.engine.Engine - INFO - BEGIN (implicit)
2026-07-26 12:23:29,558 - sqlalchemy.engine.Engine - INFO - SELECT users.id, users.email, users.full_name, users.hashed_password, users.target_band, users.role, users.current_speaking_level, users.current_listening_level, users.created_at 
FROM users 
WHERE users.id = $1::INTEGER
2026-07-26 12:23:29,558 - sqlalchemy.engine.Engine - INFO - [cached since 121.8s ago] (3,)
2026-07-26 12:23:29,568 - sqlalchemy.engine.Engine - INFO - SELECT count(reading_attempts.id) AS count_1 
FROM reading_attempts
2026-07-26 12:23:29,568 - sqlalchemy.engine.Engine - INFO - [cached since 121.7s ago] ()
2026-07-26 12:23:29,576 - sqlalchemy.engine.Engine - INFO - SELECT date(users.created_at) AS date, count(users.id) AS count 
FROM users 
WHERE users.created_at >= $1::TIMESTAMP WITH TIME ZONE GROUP BY date(users.created_at) ORDER BY date(users.created_at)
2026-07-26 12:23:29,582 - sqlalchemy.engine.Engine - INFO - [cached since 121.7s ago] (datetime.datetime(2026, 6, 26, 6, 38, 29, 576634),)
2026-07-26 12:23:29,583 - sqlalchemy.engine.Engine - INFO - SELECT avg((reading_attempts.score * $1::FLOAT) / CAST(reading_attempts.total_questions AS NUMERIC)) AS avg_1 
FROM reading_attempts 
WHERE reading_attempts.score IS NOT NULL
2026-07-26 12:23:29,590 - sqlalchemy.engine.Engine - INFO - [cached since 121.7s ago] (100.0,)
2026-07-26 12:23:29,591 - sqlalchemy.engine.Engine - INFO - SELECT date(reading_attempts.created_at) AS date, count(reading_attempts.id) AS count 
FROM reading_attempts 
WHERE reading_attempts.created_at >= $1::TIMESTAMP WITH TIME ZONE GROUP BY date(reading_attempts.created_at) ORDER BY date(reading_attempts.created_at)
2026-07-26 12:23:29,599 - sqlalchemy.engine.Engine - INFO - [cached since 121.7s ago] (datetime.datetime(2026, 6, 26, 6, 38, 29, 576634),)
2026-07-26 12:23:29,600 - sqlalchemy.engine.Engine - INFO - SELECT reading_passages.difficulty, avg((reading_attempts.score * $1::FLOAT) / CAST(reading_attempts.total_questions AS NUMERIC)) AS avg_1 
FROM reading_attempts JOIN reading_passages ON reading_attempts.passage_id = reading_passages.id 
WHERE reading_attempts.score IS NOT NULL GROUP BY reading_passages.difficulty
2026-07-26 12:23:29,600 - sqlalchemy.engine.Engine - INFO - [cached since 121.7s ago] (100.0,)
2026-07-26 12:23:29,609 - sqlalchemy.engine.Engine - INFO - SELECT users.id, users.email, users.full_name, users.hashed_password, users.target_band, users.role, users.current_speaking_level, users.current_listening_level, users.created_at 
FROM users ORDER BY users.created_at DESC 
 LIMIT $1::INTEGER
2026-07-26 12:23:29,609 - sqlalchemy.engine.Engine - INFO - [cached since 121.7s ago] (5,)
2026-07-26 12:23:29,616 - sqlalchemy.engine.Engine - INFO - ROLLBACK
2026-07-26 12:23:29,624 - sqlalchemy.engine.Engine - INFO - SELECT users.role, count(users.id) AS count_1 
FROM users GROUP BY users.role
2026-07-26 12:23:29,624 - sqlalchemy.engine.Engine - INFO - [cached since 121.7s ago] ()
2026-07-26 12:23:29,634 - sqlalchemy.engine.Engine - INFO - ROLLBACK
2026-07-26 12:23:29,634 - sqlalchemy.engine.Engine - INFO - BEGIN (implicit)
2026-07-26 12:23:29,642 - sqlalchemy.engine.Engine - INFO - SELECT users.id, users.email, users.full_name, users.hashed_password, users.target_band, users.role, users.current_speaking_level, users.current_listening_level, users.created_at 
FROM users 
WHERE users.id = $1::INTEGER
2026-07-26 12:23:29,644 - sqlalchemy.engine.Engine - INFO - [cached since 121.9s ago] (3,)
2026-07-26 12:23:29,648 - sqlalchemy.engine.Engine - INFO - SELECT count(users.id) AS count_1 
FROM users 
WHERE users.role = $1::VARCHAR
2026-07-26 12:23:29,650 - sqlalchemy.engine.Engine - INFO - [cached since 121.9s ago] ('student',)
2026-07-26 12:23:29,653 - sqlalchemy.engine.Engine - INFO - SELECT count(users.id) AS count_1 
FROM users
2026-07-26 12:23:29,654 - sqlalchemy.engine.Engine - INFO - [cached since 121.8s ago] ()
2026-07-26 12:23:29,657 - sqlalchemy.engine.Engine - INFO - SELECT count(study_resources.id) AS count_1 
FROM study_resources
2026-07-26 12:23:29,659 - sqlalchemy.engine.Engine - INFO - [cached since 121.8s ago] ()
2026-07-26 12:23:29,661 - sqlalchemy.engine.Engine - INFO - SELECT count(reading_passages.id) AS count_1 
FROM reading_passages
2026-07-26 12:23:29,663 - sqlalchemy.engine.Engine - INFO - [cached since 121.8s ago] ()
2026-07-26 12:23:29,665 - sqlalchemy.engine.Engine - INFO - SELECT count(reading_questions.id) AS count_1 
FROM reading_questions
2026-07-26 12:23:29,667 - sqlalchemy.engine.Engine - INFO - [cached since 121.8s ago] ()
2026-07-26 12:23:29,669 - sqlalchemy.engine.Engine - INFO - SELECT count(reading_attempts.id) AS count_1 
FROM reading_attempts
2026-07-26 12:23:29,669 - sqlalchemy.engine.Engine - INFO - [cached since 121.8s ago] ()
2026-07-26 12:23:29,672 - sqlalchemy.engine.Engine - INFO - SELECT avg((reading_attempts.score * $1::FLOAT) / CAST(reading_attempts.total_questions AS NUMERIC)) AS avg_1 
FROM reading_attempts 
WHERE reading_attempts.score IS NOT NULL
2026-07-26 12:23:29,673 - sqlalchemy.engine.Engine - INFO - [cached since 121.8s ago] (100.0,)
2026-07-26 12:23:29,675 - sqlalchemy.engine.Engine - INFO - SELECT users.id, users.email, users.full_name, users.hashed_password, users.target_band, users.role, users.current_speaking_level, users.current_listening_level, users.created_at 
FROM users ORDER BY users.created_at DESC 
 LIMIT $1::INTEGER
2026-07-26 12:23:29,677 - sqlalchemy.engine.Engine - INFO - [cached since 121.8s ago] (5,)
2026-07-26 12:23:29,680 - sqlalchemy.engine.Engine - INFO - SELECT users.role, count(users.id) AS count_1 
FROM users GROUP BY users.role
2026-07-26 12:23:29,680 - sqlalchemy.engine.Engine - INFO - [cached since 121.8s ago] ()
2026-07-26 12:23:29,685 - sqlalchemy.engine.Engine - INFO - ROLLBACK
2026-07-26 12:23:35,634 - sqlalchemy.engine.Engine - INFO - BEGIN (implicit)
2026-07-26 12:23:35,634 - sqlalchemy.engine.Engine - INFO - SELECT users.id, users.email, users.full_name, users.hashed_password, users.target_band, users.role, users.current_speaking_level, users.current_listening_level, users.created_at 
FROM users 
WHERE users.id = $1::INTEGER
2026-07-26 12:23:35,640 - sqlalchemy.engine.Engine - INFO - [cached since 127.9s ago] (3,)
2026-07-26 12:23:35,641 - sqlalchemy.engine.Engine - INFO - ROLLBACK
2026-07-26 12:23:35,650 - sqlalchemy.engine.Engine - INFO - BEGIN (implicit)
2026-07-26 12:23:35,650 - sqlalchemy.engine.Engine - INFO - SELECT users.id, users.email, users.full_name, users.hashed_password, users.target_band, users.role, users.current_speaking_level, users.current_listening_level, users.created_at 
FROM users 
WHERE users.id = $1::INTEGER
2026-07-26 12:23:35,650 - sqlalchemy.engine.Engine - INFO - [cached since 127.9s ago] (3,)
2026-07-26 12:23:35,657 - sqlalchemy.engine.Engine - INFO - ROLLBACK
2026-07-26 12:23:39,188 - sqlalchemy.engine.Engine - INFO - BEGIN (implicit)
2026-07-26 12:23:39,193 - sqlalchemy.engine.Engine - INFO - SELECT users.id, users.email, users.full_name, users.hashed_password, users.target_band, users.role, users.current_speaking_level, users.current_listening_level, users.created_at 
FROM users 
WHERE users.id = $1::INTEGER
2026-07-26 12:23:39,193 - sqlalchemy.engine.Engine - INFO - [cached since 131.4s ago] (3,)
2026-07-26 12:23:39,199 - sqlalchemy.engine.Engine - INFO - ROLLBACK
2026-07-26 12:23:39,207 - sqlalchemy.engine.Engine - INFO - BEGIN (implicit)
2026-07-26 12:23:39,207 - sqlalchemy.engine.Engine - INFO - SELECT users.id, users.email, users.full_name, users.hashed_password, users.target_band, users.role, users.current_speaking_level, users.current_listening_level, users.created_at 
FROM users 
WHERE users.id = $1::INTEGER
2026-07-26 12:23:39,207 - sqlalchemy.engine.Engine - INFO - [cached since 131.4s ago] (3,)
2026-07-26 12:23:39,215 - sqlalchemy.engine.Engine - INFO - ROLLBACK
2026-07-26 12:24:17,203 - sqlalchemy.engine.Engine - INFO - BEGIN (implicit)
2026-07-26 12:24:17,209 - sqlalchemy.engine.Engine - INFO - SELECT users.id, users.email, users.full_name, users.hashed_password, users.target_band, users.role, users.current_speaking_level, users.current_listening_level, users.created_at 
FROM users 
WHERE users.id = $1::INTEGER
2026-07-26 12:24:17,209 - sqlalchemy.engine.Engine - INFO - [cached since 169.5s ago] (3,)
2026-07-26 12:24:17,215 - sqlalchemy.engine.Engine - INFO - SELECT count(study_resources.id) AS count_1 
FROM study_resources
2026-07-26 12:24:17,221 - sqlalchemy.engine.Engine - INFO - [cached since 169.4s ago] ()
2026-07-26 12:24:17,224 - sqlalchemy.engine.Engine - INFO - SELECT study_resources.id, study_resources.title, study_resources.description, study_resources.category, study_resources.file_name, study_resources.file_path, study_resources.file_size, study_resources.file_type, study_resources.thumbnail_url, study_resources.duration, study_resources.download_count, study_resources.uploaded_by, study_resources.created_at, study_resources.updated_at 
FROM study_resources ORDER BY study_resources.created_at DESC 
 LIMIT $1::INTEGER OFFSET $2::INTEGER
2026-07-26 12:24:17,233 - sqlalchemy.engine.Engine - INFO - [cached since 150.6s ago] (10, 0)
2026-07-26 12:24:17,241 - sqlalchemy.engine.Engine - INFO - ROLLBACK
2026-07-26 12:24:17,247 - sqlalchemy.engine.Engine - INFO - BEGIN (implicit)
2026-07-26 12:24:17,247 - sqlalchemy.engine.Engine - INFO - SELECT users.id, users.email, users.full_name, users.hashed_password, users.target_band, users.role, users.current_speaking_level, users.current_listening_level, users.created_at 
FROM users 
WHERE users.id = $1::INTEGER
2026-07-26 12:24:17,252 - sqlalchemy.engine.Engine - INFO - [cached since 169.5s ago] (3,)
2026-07-26 12:24:17,259 - sqlalchemy.engine.Engine - INFO - SELECT count(study_resources.id) AS count_1 
FROM study_resources
2026-07-26 12:24:17,261 - sqlalchemy.engine.Engine - INFO - [cached since 169.5s ago] ()
2026-07-26 12:24:17,267 - sqlalchemy.engine.Engine - INFO - SELECT study_resources.id, study_resources.title, study_resources.description, study_resources.category, study_resources.file_name, study_resources.file_path, study_resources.file_size, study_resources.file_type, study_resources.thumbnail_url, study_resources.duration, study_resources.download_count, study_resources.uploaded_by, study_resources.created_at, study_resources.updated_at 
FROM study_resources ORDER BY study_resources.created_at DESC 
 LIMIT $1::INTEGER OFFSET $2::INTEGER
2026-07-26 12:24:17,269 - sqlalchemy.engine.Engine - INFO - [cached since 150.7s ago] (10, 0)
2026-07-26 12:24:17,275 - sqlalchemy.engine.Engine - INFO - ROLLBACK
2026-07-26 12:24:18,173 - sqlalchemy.engine.Engine - INFO - BEGIN (implicit)
2026-07-26 12:24:18,176 - sqlalchemy.engine.Engine - INFO - SELECT users.id, users.email, users.full_name, users.hashed_password, users.target_band, users.role, users.current_speaking_level, users.current_listening_level, users.created_at 
FROM users 
WHERE users.id = $1::INTEGER
2026-07-26 12:24:18,178 - sqlalchemy.engine.Engine - INFO - [cached since 170.4s ago] (3,)
2026-07-26 12:24:18,181 - sqlalchemy.engine.Engine - INFO - BEGIN (implicit)
2026-07-26 12:24:18,181 - sqlalchemy.engine.Engine - INFO - SELECT users.id, users.email, users.full_name, users.hashed_password, users.target_band, users.role, users.current_speaking_level, users.current_listening_level, users.created_at 
FROM users 
WHERE users.id = $1::INTEGER
2026-07-26 12:24:18,181 - sqlalchemy.engine.Engine - INFO - [cached since 170.4s ago] (3,)
2026-07-26 12:24:18,190 - sqlalchemy.engine.Engine - INFO - SELECT count(users.id) AS count_1 
FROM users 
WHERE users.role = $1::VARCHAR
2026-07-26 12:24:18,190 - sqlalchemy.engine.Engine - INFO - [cached since 170.4s ago] ('student',)
2026-07-26 12:24:18,198 - sqlalchemy.engine.Engine - INFO - SELECT date(users.created_at) AS date, count(users.id) AS count 
FROM users 
WHERE users.created_at >= $1::TIMESTAMP WITH TIME ZONE GROUP BY date(users.created_at) ORDER BY date(users.created_at)
2026-07-26 12:24:18,198 - sqlalchemy.engine.Engine - INFO - [cached since 170.4s ago] (datetime.datetime(2026, 6, 26, 6, 39, 18, 198542),)
2026-07-26 12:24:18,206 - sqlalchemy.engine.Engine - INFO - SELECT count(users.id) AS count_1 
FROM users
2026-07-26 12:24:18,206 - sqlalchemy.engine.Engine - INFO - [cached since 170.4s ago] ()
2026-07-26 12:24:18,214 - sqlalchemy.engine.Engine - INFO - SELECT date(reading_attempts.created_at) AS date, count(reading_attempts.id) AS count 
FROM reading_attempts 
WHERE reading_attempts.created_at >= $1::TIMESTAMP WITH TIME ZONE GROUP BY date(reading_attempts.created_at) ORDER BY date(reading_attempts.created_at)
2026-07-26 12:24:18,215 - sqlalchemy.engine.Engine - INFO - [cached since 170.4s ago] (datetime.datetime(2026, 6, 26, 6, 39, 18, 198542),)
2026-07-26 12:24:18,215 - sqlalchemy.engine.Engine - INFO - SELECT count(study_resources.id) AS count_1 
FROM study_resources
2026-07-26 12:24:18,215 - sqlalchemy.engine.Engine - INFO - [cached since 170.4s ago] ()
2026-07-26 12:24:18,225 - sqlalchemy.engine.Engine - INFO - SELECT reading_passages.difficulty, avg((reading_attempts.score * $1::FLOAT) / CAST(reading_attempts.total_questions AS NUMERIC)) AS avg_1 
FROM reading_attempts JOIN reading_passages ON reading_attempts.passage_id = reading_passages.id 
WHERE reading_attempts.score IS NOT NULL GROUP BY reading_passages.difficulty
2026-07-26 12:24:18,225 - sqlalchemy.engine.Engine - INFO - [cached since 170.4s ago] (100.0,)
2026-07-26 12:24:18,232 - sqlalchemy.engine.Engine - INFO - SELECT count(reading_passages.id) AS count_1 
FROM reading_passages
2026-07-26 12:24:18,232 - sqlalchemy.engine.Engine - INFO - [cached since 170.4s ago] ()
2026-07-26 12:24:18,240 - sqlalchemy.engine.Engine - INFO - ROLLBACK
2026-07-26 12:24:18,247 - sqlalchemy.engine.Engine - INFO - SELECT count(reading_questions.id) AS count_1 
FROM reading_questions
2026-07-26 12:24:18,248 - sqlalchemy.engine.Engine - INFO - [cached since 170.4s ago] ()
2026-07-26 12:24:18,248 - sqlalchemy.engine.Engine - INFO - SELECT count(reading_attempts.id) AS count_1 
FROM reading_attempts
2026-07-26 12:24:18,257 - sqlalchemy.engine.Engine - INFO - [cached since 170.4s ago] ()
2026-07-26 12:24:18,257 - sqlalchemy.engine.Engine - INFO - BEGIN (implicit)
2026-07-26 12:24:18,265 - sqlalchemy.engine.Engine - INFO - SELECT users.id, users.email, users.full_name, users.hashed_password, users.target_band, users.role, users.current_speaking_level, users.current_listening_level, users.created_at 
FROM users 
WHERE users.id = $1::INTEGER
2026-07-26 12:24:18,265 - sqlalchemy.engine.Engine - INFO - [cached since 170.5s ago] (3,)
2026-07-26 12:24:18,272 - sqlalchemy.engine.Engine - INFO - SELECT avg((reading_attempts.score * $1::FLOAT) / CAST(reading_attempts.total_questions AS NUMERIC)) AS avg_1 
FROM reading_attempts 
WHERE reading_attempts.score IS NOT NULL
2026-07-26 12:24:18,273 - sqlalchemy.engine.Engine - INFO - [cached since 170.4s ago] (100.0,)
2026-07-26 12:24:18,281 - sqlalchemy.engine.Engine - INFO - SELECT users.id, users.email, users.full_name, users.hashed_password, users.target_band, users.role, users.current_speaking_level, users.current_listening_level, users.created_at 
FROM users ORDER BY users.created_at DESC 
 LIMIT $1::INTEGER
2026-07-26 12:24:18,282 - sqlalchemy.engine.Engine - INFO - [cached since 170.4s ago] (5,)
2026-07-26 12:24:18,290 - sqlalchemy.engine.Engine - INFO - SELECT date(users.created_at) AS date, count(users.id) AS count 
FROM users 
WHERE users.created_at >= $1::TIMESTAMP WITH TIME ZONE GROUP BY date(users.created_at) ORDER BY date(users.created_at)
2026-07-26 12:24:18,290 - sqlalchemy.engine.Engine - INFO - [cached since 170.5s ago] (datetime.datetime(2026, 6, 26, 6, 39, 18, 282612),)
2026-07-26 12:24:18,290 - sqlalchemy.engine.Engine - INFO - SELECT users.role, count(users.id) AS count_1 
FROM users GROUP BY users.role
2026-07-26 12:24:18,300 - sqlalchemy.engine.Engine - INFO - [cached since 170.4s ago] ()
2026-07-26 12:24:18,306 - sqlalchemy.engine.Engine - INFO - SELECT date(reading_attempts.created_at) AS date, count(reading_attempts.id) AS count 
FROM reading_attempts 
WHERE reading_attempts.created_at >= $1::TIMESTAMP WITH TIME ZONE GROUP BY date(reading_attempts.created_at) ORDER BY date(reading_attempts.created_at)
2026-07-26 12:24:18,306 - sqlalchemy.engine.Engine - INFO - [cached since 170.5s ago] (datetime.datetime(2026, 6, 26, 6, 39, 18, 282612),)
2026-07-26 12:24:18,317 - sqlalchemy.engine.Engine - INFO - ROLLBACK
2026-07-26 12:24:18,317 - sqlalchemy.engine.Engine - INFO - SELECT reading_passages.difficulty, avg((reading_attempts.score * $1::FLOAT) / CAST(reading_attempts.total_questions AS NUMERIC)) AS avg_1 
FROM reading_attempts JOIN reading_passages ON reading_attempts.passage_id = reading_passages.id 
WHERE reading_attempts.score IS NOT NULL GROUP BY reading_passages.difficulty
2026-07-26 12:24:18,323 - sqlalchemy.engine.Engine - INFO - [cached since 170.5s ago] (100.0,)
2026-07-26 12:24:18,323 - sqlalchemy.engine.Engine - INFO - BEGIN (implicit)
2026-07-26 12:24:18,332 - sqlalchemy.engine.Engine - INFO - SELECT users.id, users.email, users.full_name, users.hashed_password, users.target_band, users.role, users.current_speaking_level, users.current_listening_level, users.created_at 
FROM users 
WHERE users.id = $1::INTEGER
2026-07-26 12:24:18,333 - sqlalchemy.engine.Engine - INFO - [cached since 170.6s ago] (3,)
2026-07-26 12:24:18,337 - sqlalchemy.engine.Engine - INFO - ROLLBACK
2026-07-26 12:24:18,339 - sqlalchemy.engine.Engine - INFO - SELECT count(users.id) AS count_1 
FROM users 
WHERE users.role = $1::VARCHAR
2026-07-26 12:24:18,341 - sqlalchemy.engine.Engine - INFO - [cached since 170.6s ago] ('student',)
2026-07-26 12:24:18,343 - sqlalchemy.engine.Engine - INFO - SELECT count(users.id) AS count_1 
FROM users
2026-07-26 12:24:18,345 - sqlalchemy.engine.Engine - INFO - [cached since 170.5s ago] ()
2026-07-26 12:24:18,347 - sqlalchemy.engine.Engine - INFO - SELECT count(study_resources.id) AS count_1 
FROM study_resources
2026-07-26 12:24:18,349 - sqlalchemy.engine.Engine - INFO - [cached since 170.5s ago] ()
2026-07-26 12:24:18,351 - sqlalchemy.engine.Engine - INFO - SELECT count(reading_passages.id) AS count_1 
FROM reading_passages
2026-07-26 12:24:18,352 - sqlalchemy.engine.Engine - INFO - [cached since 170.5s ago] ()
2026-07-26 12:24:18,355 - sqlalchemy.engine.Engine - INFO - SELECT count(reading_questions.id) AS count_1 
FROM reading_questions
2026-07-26 12:24:18,357 - sqlalchemy.engine.Engine - INFO - [cached since 170.5s ago] ()
2026-07-26 12:24:18,359 - sqlalchemy.engine.Engine - INFO - SELECT count(reading_attempts.id) AS count_1 
FROM reading_attempts
2026-07-26 12:24:18,361 - sqlalchemy.engine.Engine - INFO - [cached since 170.5s ago] ()
2026-07-26 12:24:18,362 - sqlalchemy.engine.Engine - INFO - SELECT avg((reading_attempts.score * $1::FLOAT) / CAST(reading_attempts.total_questions AS NUMERIC)) AS avg_1 
FROM reading_attempts 
WHERE reading_attempts.score IS NOT NULL
2026-07-26 12:24:18,365 - sqlalchemy.engine.Engine - INFO - [cached since 170.5s ago] (100.0,)
2026-07-26 12:24:18,365 - sqlalchemy.engine.Engine - INFO - SELECT users.id, users.email, users.full_name, users.hashed_password, users.target_band, users.role, users.current_speaking_level, users.current_listening_level, users.created_at 
FROM users ORDER BY users.created_at DESC 
 LIMIT $1::INTEGER
2026-07-26 12:24:18,365 - sqlalchemy.engine.Engine - INFO - [cached since 170.5s ago] (5,)
2026-07-26 12:24:18,365 - sqlalchemy.engine.Engine - INFO - SELECT users.role, count(users.id) AS count_1 
FROM users GROUP BY users.role
2026-07-26 12:24:18,372 - sqlalchemy.engine.Engine - INFO - [cached since 170.5s ago] ()
2026-07-26 12:24:18,374 - sqlalchemy.engine.Engine - INFO - ROLLBACK
2026-07-26 12:27:10,296 - sqlalchemy.engine.Engine - INFO - BEGIN (implicit)
2026-07-26 12:27:10,297 - sqlalchemy.engine.Engine - INFO - SELECT users.id, users.email, users.full_name, users.hashed_password, users.target_band, users.role, users.current_speaking_level, users.current_listening_level, users.created_at 
FROM users 
WHERE users.id = $1::INTEGER
2026-07-26 12:27:10,302 - sqlalchemy.engine.Engine - INFO - [cached since 342.5s ago] (3,)
2026-07-26 12:27:10,310 - sqlalchemy.engine.Engine - INFO - SELECT count(reading_passages.id) AS count_1 
FROM reading_passages
2026-07-26 12:27:10,310 - sqlalchemy.engine.Engine - INFO - [cached since 342.5s ago] ()
2026-07-26 12:27:10,319 - sqlalchemy.engine.Engine - INFO - SELECT reading_passages.id, reading_passages.title, reading_passages.passage_text, reading_passages.difficulty, reading_passages.created_at 
FROM reading_passages ORDER BY reading_passages.created_at DESC 
 LIMIT $1::INTEGER OFFSET $2::INTEGER
2026-07-26 12:27:10,319 - sqlalchemy.engine.Engine - INFO - [cached since 316.1s ago] (10, 0)
2026-07-26 12:27:10,327 - sqlalchemy.engine.Engine - INFO - ROLLBACK
2026-07-26 12:27:10,334 - sqlalchemy.engine.Engine - INFO - BEGIN (implicit)
2026-07-26 12:27:10,335 - sqlalchemy.engine.Engine - INFO - SELECT users.id, users.email, users.full_name, users.hashed_password, users.target_band, users.role, users.current_speaking_level, users.current_listening_level, users.created_at 
FROM users 
WHERE users.id = $1::INTEGER
2026-07-26 12:27:10,338 - sqlalchemy.engine.Engine - INFO - [cached since 342.6s ago] (3,)
2026-07-26 12:27:10,344 - sqlalchemy.engine.Engine - INFO - SELECT count(reading_passages.id) AS count_1 
FROM reading_passages
2026-07-26 12:27:10,344 - sqlalchemy.engine.Engine - INFO - [cached since 342.5s ago] ()
2026-07-26 12:27:10,344 - sqlalchemy.engine.Engine - INFO - SELECT reading_passages.id, reading_passages.title, reading_passages.passage_text, reading_passages.difficulty, reading_passages.created_at 
FROM reading_passages ORDER BY reading_passages.created_at DESC 
 LIMIT $1::INTEGER OFFSET $2::INTEGER
2026-07-26 12:27:10,352 - sqlalchemy.engine.Engine - INFO - [cached since 316.1s ago] (10, 0)
2026-07-26 12:27:10,352 - sqlalchemy.engine.Engine - INFO - ROLLBACK
2026-07-26 12:27:11,619 - sqlalchemy.engine.Engine - INFO - BEGIN (implicit)
2026-07-26 12:27:11,623 - sqlalchemy.engine.Engine - INFO - SELECT users.id, users.email, users.full_name, users.hashed_password, users.target_band, users.role, users.current_speaking_level, users.current_listening_level, users.created_at 
FROM users 
WHERE users.id = $1::INTEGER
2026-07-26 12:27:11,626 - sqlalchemy.engine.Engine - INFO - [cached since 343.9s ago] (3,)
2026-07-26 12:27:11,632 - sqlalchemy.engine.Engine - INFO - BEGIN (implicit)
2026-07-26 12:27:11,634 - sqlalchemy.engine.Engine - INFO - SELECT users.id, users.email, users.full_name, users.hashed_password, users.target_band, users.role, users.current_speaking_level, users.current_listening_level, users.created_at 
FROM users 
WHERE users.id = $1::INTEGER
2026-07-26 12:27:11,634 - sqlalchemy.engine.Engine - INFO - [cached since 343.9s ago] (3,)
2026-07-26 12:27:11,643 - sqlalchemy.engine.Engine - INFO - SELECT count(reading_questions.id) AS count_1 
FROM reading_questions JOIN reading_passages ON reading_questions.passage_id = reading_passages.id
2026-07-26 12:27:11,644 - sqlalchemy.engine.Engine - INFO - [cached since 312.4s ago] ()
2026-07-26 12:27:11,644 - sqlalchemy.engine.Engine - INFO - SELECT count(reading_passages.id) AS count_1 
FROM reading_passages
2026-07-26 12:27:11,644 - sqlalchemy.engine.Engine - INFO - [cached since 343.8s ago] ()
2026-07-26 12:27:11,653 - sqlalchemy.engine.Engine - INFO - SELECT reading_passages.id, reading_passages.title, reading_passages.passage_text, reading_passages.difficulty, reading_passages.created_at 
FROM reading_passages ORDER BY reading_passages.created_at DESC 
 LIMIT $1::INTEGER OFFSET $2::INTEGER
2026-07-26 12:27:11,653 - sqlalchemy.engine.Engine - INFO - [cached since 317.4s ago] (100, 0)
2026-07-26 12:27:11,660 - sqlalchemy.engine.Engine - INFO - SELECT reading_questions.id, reading_questions.passage_id, reading_questions.question_type, reading_questions.question_text, reading_questions.options, reading_questions.correct_answer, reading_questions.skill_type 
FROM reading_questions JOIN reading_passages ON reading_questions.passage_id = reading_passages.id ORDER BY reading_questions.id DESC 
 LIMIT $1::INTEGER OFFSET $2::INTEGER
2026-07-26 12:27:11,660 - sqlalchemy.engine.Engine - INFO - [cached since 312.4s ago] (10, 0)
2026-07-26 12:27:11,669 - sqlalchemy.engine.Engine - INFO - ROLLBACK
2026-07-26 12:27:11,677 - sqlalchemy.engine.Engine - INFO - BEGIN (implicit)
2026-07-26 12:27:11,677 - sqlalchemy.engine.Engine - INFO - SELECT users.id, users.email, users.full_name, users.hashed_password, users.target_band, users.role, users.current_speaking_level, users.current_listening_level, users.created_at 
FROM users 
WHERE users.id = $1::INTEGER
2026-07-26 12:27:11,685 - sqlalchemy.engine.Engine - INFO - [cached since 343.9s ago] (3,)
2026-07-26 12:27:11,685 - sqlalchemy.engine.Engine - INFO - ROLLBACK
2026-07-26 12:27:11,694 - sqlalchemy.engine.Engine - INFO - BEGIN (implicit)
2026-07-26 12:27:11,694 - sqlalchemy.engine.Engine - INFO - SELECT users.id, users.email, users.full_name, users.hashed_password, users.target_band, users.role, users.current_speaking_level, users.current_listening_level, users.created_at 
FROM users 
WHERE users.id = $1::INTEGER
2026-07-26 12:27:11,702 - sqlalchemy.engine.Engine - INFO - [cached since 343.9s ago] (3,)
2026-07-26 12:27:11,702 - sqlalchemy.engine.Engine - INFO - SELECT count(reading_passages.id) AS count_1 
FROM reading_passages
2026-07-26 12:27:11,709 - sqlalchemy.engine.Engine - INFO - [cached since 343.9s ago] ()
2026-07-26 12:27:11,713 - sqlalchemy.engine.Engine - INFO - SELECT reading_passages.id, reading_passages.title, reading_passages.passage_text, reading_passages.difficulty, reading_passages.created_at 
FROM reading_passages ORDER BY reading_passages.created_at DESC 
 LIMIT $1::INTEGER OFFSET $2::INTEGER
2026-07-26 12:27:11,713 - sqlalchemy.engine.Engine - INFO - [cached since 317.5s ago] (100, 0)
2026-07-26 12:27:11,721 - sqlalchemy.engine.Engine - INFO - SELECT count(reading_questions.id) AS count_1 
FROM reading_questions JOIN reading_passages ON reading_questions.passage_id = reading_passages.id
2026-07-26 12:27:11,721 - sqlalchemy.engine.Engine - INFO - [cached since 312.5s ago] ()
2026-07-26 12:27:11,729 - sqlalchemy.engine.Engine - INFO - ROLLBACK
2026-07-26 12:27:11,735 - sqlalchemy.engine.Engine - INFO - SELECT reading_questions.id, reading_questions.passage_id, reading_questions.question_type, reading_questions.question_text, reading_questions.options, reading_questions.correct_answer, reading_questions.skill_type 
FROM reading_questions JOIN reading_passages ON reading_questions.passage_id = reading_passages.id ORDER BY reading_questions.id DESC 
 LIMIT $1::INTEGER OFFSET $2::INTEGER
2026-07-26 12:27:11,735 - sqlalchemy.engine.Engine - INFO - [cached since 312.5s ago] (10, 0)
2026-07-26 12:27:11,744 - sqlalchemy.engine.Engine - INFO - ROLLBACK
2026-07-26 12:27:12,779 - sqlalchemy.engine.Engine - INFO - BEGIN (implicit)
2026-07-26 12:27:12,787 - sqlalchemy.engine.Engine - INFO - SELECT users.id, users.email, users.full_name, users.hashed_password, users.target_band, users.role, users.current_speaking_level, users.current_listening_level, users.created_at 
FROM users 
WHERE users.id = $1::INTEGER
2026-07-26 12:27:12,789 - sqlalchemy.engine.Engine - INFO - [cached since 345s ago] (3,)
2026-07-26 12:27:12,795 - sqlalchemy.engine.Engine - INFO - SELECT count(reading_attempts.id) AS count_1 
FROM reading_attempts JOIN users ON reading_attempts.user_id = users.id
2026-07-26 12:27:12,795 - sqlalchemy.engine.Engine - INFO - [cached since 311.7s ago] ()
2026-07-26 12:27:12,802 - sqlalchemy.engine.Engine - INFO - SELECT reading_attempts.id, reading_attempts.user_id, reading_attempts.passage_id, reading_attempts.score, reading_attempts.total_questions, reading_attempts.created_at, reading_attempts.skill_type, users.full_name, users.email 
FROM reading_attempts JOIN users ON reading_attempts.user_id = users.id ORDER BY reading_attempts.created_at DESC 
 LIMIT $1::INTEGER OFFSET $2::INTEGER
2026-07-26 12:27:12,803 - sqlalchemy.engine.Engine - INFO - [cached since 311.7s ago] (10, 0)
2026-07-26 12:27:12,809 - sqlalchemy.engine.Engine - INFO - ROLLBACK
2026-07-26 12:27:12,812 - sqlalchemy.engine.Engine - INFO - BEGIN (implicit)
2026-07-26 12:27:12,812 - sqlalchemy.engine.Engine - INFO - SELECT users.id, users.email, users.full_name, users.hashed_password, users.target_band, users.role, users.current_speaking_level, users.current_listening_level, users.created_at 
FROM users 
WHERE users.id = $1::INTEGER
2026-07-26 12:27:12,818 - sqlalchemy.engine.Engine - INFO - [cached since 345.1s ago] (3,)
2026-07-26 12:27:12,821 - sqlalchemy.engine.Engine - INFO - SELECT count(reading_attempts.id) AS count_1 
FROM reading_attempts JOIN users ON reading_attempts.user_id = users.id
2026-07-26 12:27:12,821 - sqlalchemy.engine.Engine - INFO - [cached since 311.8s ago] ()
2026-07-26 12:27:12,827 - sqlalchemy.engine.Engine - INFO - SELECT reading_attempts.id, reading_attempts.user_id, reading_attempts.passage_id, reading_attempts.score, reading_attempts.total_questions, reading_attempts.created_at, reading_attempts.skill_type, users.full_name, users.email 
FROM reading_attempts JOIN users ON reading_attempts.user_id = users.id ORDER BY reading_attempts.created_at DESC 
 LIMIT $1::INTEGER OFFSET $2::INTEGER
2026-07-26 12:27:12,827 - sqlalchemy.engine.Engine - INFO - [cached since 311.8s ago] (10, 0)
2026-07-26 12:27:12,836 - sqlalchemy.engine.Engine - INFO - ROLLBACK
2026-07-26 12:27:13,732 - sqlalchemy.engine.Engine - INFO - BEGIN (implicit)
2026-07-26 12:27:13,738 - sqlalchemy.engine.Engine - INFO - SELECT users.id, users.email, users.full_name, users.hashed_password, users.target_band, users.role, users.current_speaking_level, users.current_listening_level, users.created_at 
FROM users 
WHERE users.id = $1::INTEGER
2026-07-26 12:27:13,739 - sqlalchemy.engine.Engine - INFO - [cached since 346s ago] (3,)
2026-07-26 12:27:13,746 - sqlalchemy.engine.Engine - INFO - BEGIN (implicit)
2026-07-26 12:27:13,746 - sqlalchemy.engine.Engine - INFO - SELECT users.id, users.email, users.full_name, users.hashed_password, users.target_band, users.role, users.current_speaking_level, users.current_listening_level, users.created_at 
FROM users 
WHERE users.id = $1::INTEGER
2026-07-26 12:27:13,751 - sqlalchemy.engine.Engine - INFO - [cached since 346s ago] (3,)
2026-07-26 12:27:13,753 - sqlalchemy.engine.Engine - INFO - SELECT date(users.created_at) AS date, count(users.id) AS count 
FROM users 
WHERE users.created_at >= $1::TIMESTAMP WITH TIME ZONE GROUP BY date(users.created_at) ORDER BY date(users.created_at)
2026-07-26 12:27:13,753 - sqlalchemy.engine.Engine - INFO - [cached since 345.9s ago] (datetime.datetime(2026, 6, 26, 6, 42, 13, 753542),)
2026-07-26 12:27:13,761 - sqlalchemy.engine.Engine - INFO - SELECT count(users.id) AS count_1 
FROM users 
WHERE users.role = $1::VARCHAR
2026-07-26 12:27:13,761 - sqlalchemy.engine.Engine - INFO - [cached since 346s ago] ('student',)
2026-07-26 12:27:13,761 - sqlalchemy.engine.Engine - INFO - SELECT date(reading_attempts.created_at) AS date, count(reading_attempts.id) AS count 
FROM reading_attempts 
WHERE reading_attempts.created_at >= $1::TIMESTAMP WITH TIME ZONE GROUP BY date(reading_attempts.created_at) ORDER BY date(reading_attempts.created_at)
2026-07-26 12:27:13,769 - sqlalchemy.engine.Engine - INFO - [cached since 345.9s ago] (datetime.datetime(2026, 6, 26, 6, 42, 13, 753542),)
2026-07-26 12:27:13,770 - sqlalchemy.engine.Engine - INFO - SELECT count(users.id) AS count_1 
FROM users
2026-07-26 12:27:13,770 - sqlalchemy.engine.Engine - INFO - [cached since 346s ago] ()
2026-07-26 12:27:13,777 - sqlalchemy.engine.Engine - INFO - SELECT reading_passages.difficulty, avg((reading_attempts.score * $1::FLOAT) / CAST(reading_attempts.total_questions AS NUMERIC)) AS avg_1 
FROM reading_attempts JOIN reading_passages ON reading_attempts.passage_id = reading_passages.id 
WHERE reading_attempts.score IS NOT NULL GROUP BY reading_passages.difficulty
2026-07-26 12:27:13,778 - sqlalchemy.engine.Engine - INFO - [cached since 345.9s ago] (100.0,)
2026-07-26 12:27:13,778 - sqlalchemy.engine.Engine - INFO - SELECT count(study_resources.id) AS count_1 
FROM study_resources
2026-07-26 12:27:13,778 - sqlalchemy.engine.Engine - INFO - [cached since 346s ago] ()
2026-07-26 12:27:13,786 - sqlalchemy.engine.Engine - INFO - ROLLBACK
2026-07-26 12:27:13,786 - sqlalchemy.engine.Engine - INFO - SELECT count(reading_passages.id) AS count_1 
FROM reading_passages
2026-07-26 12:27:13,786 - sqlalchemy.engine.Engine - INFO - [cached since 346s ago] ()
2026-07-26 12:27:13,795 - sqlalchemy.engine.Engine - INFO - BEGIN (implicit)
2026-07-26 12:27:13,795 - sqlalchemy.engine.Engine - INFO - SELECT users.id, users.email, users.full_name, users.hashed_password, users.target_band, users.role, users.current_speaking_level, users.current_listening_level, users.created_at 
FROM users 
WHERE users.id = $1::INTEGER
2026-07-26 12:27:13,795 - sqlalchemy.engine.Engine - INFO - [cached since 346s ago] (3,)
2026-07-26 12:27:13,803 - sqlalchemy.engine.Engine - INFO - SELECT count(reading_questions.id) AS count_1 
FROM reading_questions
2026-07-26 12:27:13,803 - sqlalchemy.engine.Engine - INFO - [cached since 346s ago] ()
2026-07-26 12:27:13,809 - sqlalchemy.engine.Engine - INFO - SELECT count(reading_attempts.id) AS count_1 
FROM reading_attempts
2026-07-26 12:27:13,810 - sqlalchemy.engine.Engine - INFO - [cached since 346s ago] ()
2026-07-26 12:27:13,812 - sqlalchemy.engine.Engine - INFO - SELECT date(users.created_at) AS date, count(users.id) AS count 
FROM users 
WHERE users.created_at >= $1::TIMESTAMP WITH TIME ZONE GROUP BY date(users.created_at) ORDER BY date(users.created_at)
2026-07-26 12:27:13,812 - sqlalchemy.engine.Engine - INFO - [cached since 346s ago] (datetime.datetime(2026, 6, 26, 6, 42, 13, 812143),)
2026-07-26 12:27:13,820 - sqlalchemy.engine.Engine - INFO - SELECT avg((reading_attempts.score * $1::FLOAT) / CAST(reading_attempts.total_questions AS NUMERIC)) AS avg_1 
FROM reading_attempts 
WHERE reading_attempts.score IS NOT NULL
2026-07-26 12:27:13,820 - sqlalchemy.engine.Engine - INFO - [cached since 345.9s ago] (100.0,)
2026-07-26 12:27:13,827 - sqlalchemy.engine.Engine - INFO - SELECT date(reading_attempts.created_at) AS date, count(reading_attempts.id) AS count 
FROM reading_attempts 
WHERE reading_attempts.created_at >= $1::TIMESTAMP WITH TIME ZONE GROUP BY date(reading_attempts.created_at) ORDER BY date(reading_attempts.created_at)
2026-07-26 12:27:13,828 - sqlalchemy.engine.Engine - INFO - [cached since 346s ago] (datetime.datetime(2026, 6, 26, 6, 42, 13, 812143),)
2026-07-26 12:27:13,828 - sqlalchemy.engine.Engine - INFO - SELECT users.id, users.email, users.full_name, users.hashed_password, users.target_band, users.role, users.current_speaking_level, users.current_listening_level, users.created_at 
FROM users ORDER BY users.created_at DESC 
 LIMIT $1::INTEGER
2026-07-26 12:27:13,835 - sqlalchemy.engine.Engine - INFO - [cached since 346s ago] (5,)
2026-07-26 12:27:13,838 - sqlalchemy.engine.Engine - INFO - SELECT reading_passages.difficulty, avg((reading_attempts.score * $1::FLOAT) / CAST(reading_attempts.total_questions AS NUMERIC)) AS avg_1 
FROM reading_attempts JOIN reading_passages ON reading_attempts.passage_id = reading_passages.id 
WHERE reading_attempts.score IS NOT NULL GROUP BY reading_passages.difficulty
2026-07-26 12:27:13,843 - sqlalchemy.engine.Engine - INFO - [cached since 346s ago] (100.0,)
2026-07-26 12:27:13,845 - sqlalchemy.engine.Engine - INFO - SELECT users.role, count(users.id) AS count_1 
FROM users GROUP BY users.role
2026-07-26 12:27:13,845 - sqlalchemy.engine.Engine - INFO - [cached since 346s ago] ()
2026-07-26 12:27:13,854 - sqlalchemy.engine.Engine - INFO - ROLLBACK
2026-07-26 12:27:13,862 - sqlalchemy.engine.Engine - INFO - ROLLBACK
2026-07-26 12:27:13,862 - sqlalchemy.engine.Engine - INFO - BEGIN (implicit)
2026-07-26 12:27:13,869 - sqlalchemy.engine.Engine - INFO - SELECT users.id, users.email, users.full_name, users.hashed_password, users.target_band, users.role, users.current_speaking_level, users.current_listening_level, users.created_at 
FROM users 
WHERE users.id = $1::INTEGER
2026-07-26 12:27:13,870 - sqlalchemy.engine.Engine - INFO - [cached since 346.1s ago] (3,)
2026-07-26 12:27:13,871 - sqlalchemy.engine.Engine - INFO - SELECT count(users.id) AS count_1 
FROM users 
WHERE users.role = $1::VARCHAR
2026-07-26 12:27:13,871 - sqlalchemy.engine.Engine - INFO - [cached since 346.1s ago] ('student',)
2026-07-26 12:27:13,878 - sqlalchemy.engine.Engine - INFO - SELECT count(users.id) AS count_1 
FROM users
2026-07-26 12:27:13,880 - sqlalchemy.engine.Engine - INFO - [cached since 346.1s ago] ()
2026-07-26 12:27:13,882 - sqlalchemy.engine.Engine - INFO - SELECT count(study_resources.id) AS count_1 
FROM study_resources
2026-07-26 12:27:13,883 - sqlalchemy.engine.Engine - INFO - [cached since 346.1s ago] ()
2026-07-26 12:27:13,886 - sqlalchemy.engine.Engine - INFO - SELECT count(reading_passages.id) AS count_1 
FROM reading_passages
2026-07-26 12:27:13,888 - sqlalchemy.engine.Engine - INFO - [cached since 346.1s ago] ()
2026-07-26 12:27:13,891 - sqlalchemy.engine.Engine - INFO - SELECT count(reading_questions.id) AS count_1 
FROM reading_questions
2026-07-26 12:27:13,893 - sqlalchemy.engine.Engine - INFO - [cached since 346.1s ago] ()
2026-07-26 12:27:13,896 - sqlalchemy.engine.Engine - INFO - SELECT count(reading_attempts.id) AS count_1 
FROM reading_attempts
2026-07-26 12:27:13,898 - sqlalchemy.engine.Engine - INFO - [cached since 346s ago] ()
2026-07-26 12:27:13,900 - sqlalchemy.engine.Engine - INFO - SELECT avg((reading_attempts.score * $1::FLOAT) / CAST(reading_attempts.total_questions AS NUMERIC)) AS avg_1 
FROM reading_attempts 
WHERE reading_attempts.score IS NOT NULL
2026-07-26 12:27:13,901 - sqlalchemy.engine.Engine - INFO - [cached since 346s ago] (100.0,)
2026-07-26 12:27:13,903 - sqlalchemy.engine.Engine - INFO - SELECT users.id, users.email, users.full_name, users.hashed_password, users.target_band, users.role, users.current_speaking_level, users.current_listening_level, users.created_at 
FROM users ORDER BY users.created_at DESC 
 LIMIT $1::INTEGER
2026-07-26 12:27:13,904 - sqlalchemy.engine.Engine - INFO - [cached since 346s ago] (5,)
2026-07-26 12:27:13,907 - sqlalchemy.engine.Engine - INFO - SELECT users.role, count(users.id) AS count_1 
FROM users GROUP BY users.role
2026-07-26 12:27:13,908 - sqlalchemy.engine.Engine - INFO - [cached since 346s ago] ()
2026-07-26 12:27:13,912 - sqlalchemy.engine.Engine - INFO - ROLLBACK
2026-07-26 14:38:14,504 - sqlalchemy.engine.Engine - INFO - BEGIN (implicit)
2026-07-26 14:38:14,506 - sqlalchemy.engine.Engine - INFO - SELECT users.id, users.email, users.full_name, users.hashed_password, users.target_band, users.role, users.current_speaking_level, users.current_listening_level, users.created_at 
FROM users 
WHERE users.id = $1::INTEGER
2026-07-26 14:38:14,506 - sqlalchemy.engine.Engine - INFO - [cached since 8207s ago] (3,)
2026-07-26 14:38:14,510 - sqlalchemy.engine.Engine - INFO - SELECT count(reading_passages.id) AS count_1 
FROM reading_passages
2026-07-26 14:38:14,516 - sqlalchemy.engine.Engine - INFO - [cached since 8207s ago] ()
2026-07-26 14:38:14,520 - sqlalchemy.engine.Engine - INFO - SELECT reading_passages.id, reading_passages.title, reading_passages.passage_text, reading_passages.difficulty, reading_passages.created_at 
FROM reading_passages ORDER BY reading_passages.created_at DESC 
 LIMIT $1::INTEGER OFFSET $2::INTEGER
2026-07-26 14:38:14,523 - sqlalchemy.engine.Engine - INFO - [cached since 8180s ago] (10, 0)
2026-07-26 14:38:14,523 - sqlalchemy.engine.Engine - INFO - ROLLBACK
2026-07-26 14:38:14,532 - sqlalchemy.engine.Engine - INFO - BEGIN (implicit)
2026-07-26 14:38:14,532 - sqlalchemy.engine.Engine - INFO - SELECT users.id, users.email, users.full_name, users.hashed_password, users.target_band, users.role, users.current_speaking_level, users.current_listening_level, users.created_at 
FROM users 
WHERE users.id = $1::INTEGER
2026-07-26 14:38:14,532 - sqlalchemy.engine.Engine - INFO - [cached since 8207s ago] (3,)
2026-07-26 14:38:14,541 - sqlalchemy.engine.Engine - INFO - SELECT count(reading_passages.id) AS count_1 
FROM reading_passages
2026-07-26 14:38:14,541 - sqlalchemy.engine.Engine - INFO - [cached since 8207s ago] ()
2026-07-26 14:38:14,550 - sqlalchemy.engine.Engine - INFO - SELECT reading_passages.id, reading_passages.title, reading_passages.passage_text, reading_passages.difficulty, reading_passages.created_at 
FROM reading_passages ORDER BY reading_passages.created_at DESC 
 LIMIT $1::INTEGER OFFSET $2::INTEGER
2026-07-26 14:38:14,550 - sqlalchemy.engine.Engine - INFO - [cached since 8180s ago] (10, 0)
2026-07-26 14:38:14,558 - sqlalchemy.engine.Engine - INFO - ROLLBACK
2026-07-26 14:38:20,265 - sqlalchemy.engine.Engine - INFO - BEGIN (implicit)
2026-07-26 14:38:20,265 - sqlalchemy.engine.Engine - INFO - SELECT users.id, users.email, users.full_name, users.hashed_password, users.target_band, users.role, users.current_speaking_level, users.current_listening_level, users.created_at 
FROM users 
WHERE users.id = $1::INTEGER
2026-07-26 14:38:20,270 - sqlalchemy.engine.Engine - INFO - [cached since 8213s ago] (3,)
2026-07-26 14:38:20,290 - sqlalchemy.engine.Engine - INFO - SELECT count(speakingquestion.id) AS count_1 
FROM speakingquestion
2026-07-26 14:38:20,297 - sqlalchemy.engine.Engine - INFO - [generated in 0.00323s] ()
2026-07-26 14:38:20,304 - sqlalchemy.engine.Engine - INFO - ROLLBACK
ERROR:    Exception in ASGI application
Traceback (most recent call last):
  File "C:\Users\Mushkan\AppData\Local\Programs\Python\Python312\Lib\site-packages\sqlalchemy\dialects\postgresql\asyncpg.py", line 522, in _prepare_and_execute
    prepared_stmt, attributes = await adapt_connection._prepare(
                                ^^^^^^^^^^^^^^^^^^^^^^^^^^^^^^^^
  File "C:\Users\Mushkan\AppData\Local\Programs\Python\Python312\Lib\site-packages\sqlalchemy\dialects\postgresql\asyncpg.py", line 773, in _prepare
    prepared_stmt = await self._connection.prepare(
                    ^^^^^^^^^^^^^^^^^^^^^^^^^^^^^^^
  File "C:\Users\Mushkan\AppData\Local\Programs\Python\Python312\Lib\site-packages\asyncpg\connection.py", line 638, in prepare
    return await self._prepare(
           ^^^^^^^^^^^^^^^^^^^^
  File "C:\Users\Mushkan\AppData\Local\Programs\Python\Python312\Lib\site-packages\asyncpg\connection.py", line 657, in _prepare
    stmt = await self._get_statement(
           ^^^^^^^^^^^^^^^^^^^^^^^^^^
  File "C:\Users\Mushkan\AppData\Local\Programs\Python\Python312\Lib\site-packages\asyncpg\connection.py", line 443, in _get_statement
    statement = await self._protocol.prepare(
                ^^^^^^^^^^^^^^^^^^^^^^^^^^^^^
  File "asyncpg/protocol/protocol.pyx", line 165, in prepare
asyncpg.exceptions.UndefinedTableError: relation "speakingquestion" does not exist

The above exception was the direct cause of the following exception:

Traceback (most recent call last):
  File "C:\Users\Mushkan\AppData\Local\Programs\Python\Python312\Lib\site-packages\sqlalchemy\engine\base.py", line 1969, in _exec_single_context
    self.dialect.do_execute(
  File "C:\Users\Mushkan\AppData\Local\Programs\Python\Python312\Lib\site-packages\sqlalchemy\engine\default.py", line 922, in do_execute
    cursor.execute(statement, parameters)
  File "C:\Users\Mushkan\AppData\Local\Programs\Python\Python312\Lib\site-packages\sqlalchemy\dialects\postgresql\asyncpg.py", line 580, in execute
    self._adapt_connection.await_(
  File "C:\Users\Mushkan\AppData\Local\Programs\Python\Python312\Lib\site-packages\sqlalchemy\util\_concurrency_py3k.py", line 130, in await_only
    return current.driver.switch(awaitable)  # type: ignore[no-any-return]
           ^^^^^^^^^^^^^^^^^^^^^^^^^^^^^^^^
  File "C:\Users\Mushkan\AppData\Local\Programs\Python\Python312\Lib\site-packages\sqlalchemy\util\_concurrency_py3k.py", line 195, in greenlet_spawn
    value = await result
            ^^^^^^^^^^^^
  File "C:\Users\Mushkan\AppData\Local\Programs\Python\Python312\Lib\site-packages\sqlalchemy\dialects\postgresql\asyncpg.py", line 558, in _prepare_and_execute
    self._handle_exception(error)
  File "C:\Users\Mushkan\AppData\Local\Programs\Python\Python312\Lib\site-packages\sqlalchemy\dialects\postgresql\asyncpg.py", line 509, in _handle_exception
    self._adapt_connection._handle_exception(error)
  File "C:\Users\Mushkan\AppData\Local\Programs\Python\Python312\Lib\site-packages\sqlalchemy\dialects\postgresql\asyncpg.py", line 797, in _handle_exception
    raise translated_error from error
sqlalchemy.dialects.postgresql.asyncpg.AsyncAdapt_asyncpg_dbapi.ProgrammingError: <class 'asyncpg.exceptions.UndefinedTableError'>: relation "speakingquestion" does not exist

The above exception was the direct cause of the following exception:

Traceback (most recent call last):
  File "C:\Users\Mushkan\AppData\Local\Programs\Python\Python312\Lib\site-packages\uvicorn\protocols\http\httptools_impl.py", line 421, in run_asgi
    result = await app(  # type: ignore[func-returns-value]
             ^^^^^^^^^^^^^^^^^^^^^^^^^^^^^^^^^^^^^^^^^^^^^^
  File "C:\Users\Mushkan\AppData\Local\Programs\Python\Python312\Lib\site-packages\uvicorn\middleware\proxy_headers.py", line 56, in __call__
    return await self.app(scope, receive, send)
           ^^^^^^^^^^^^^^^^^^^^^^^^^^^^^^^^^^^^
  File "C:\Users\Mushkan\AppData\Local\Programs\Python\Python312\Lib\site-packages\fastapi\applications.py", line 1159, in __call__
    await super().__call__(scope, receive, send)
  File "C:\Users\Mushkan\AppData\Local\Programs\Python\Python312\Lib\site-packages\starlette\applications.py", line 90, in __call__
    await self.middleware_stack(scope, receive, send)
  File "C:\Users\Mushkan\AppData\Local\Programs\Python\Python312\Lib\site-packages\starlette\middleware\errors.py", line 186, in __call__
    raise exc
  File "C:\Users\Mushkan\AppData\Local\Programs\Python\Python312\Lib\site-packages\starlette\middleware\errors.py", line 164, in __call__
    await self.app(scope, receive, _send)
  File "C:\Users\Mushkan\AppData\Local\Programs\Python\Python312\Lib\site-packages\starlette\middleware\cors.py", line 96, in __call__
    await self.simple_response(scope, receive, send, request_headers=headers)
  File "C:\Users\Mushkan\AppData\Local\Programs\Python\Python312\Lib\site-packages\starlette\middleware\cors.py", line 154, in simple_response
    await self.app(scope, receive, send)
  File "C:\Users\Mushkan\AppData\Local\Programs\Python\Python312\Lib\site-packages\starlette\middleware\exceptions.py", line 63, in __call__
    await wrap_app_handling_exceptions(self.app, conn)(scope, receive, send)
  File "C:\Users\Mushkan\AppData\Local\Programs\Python\Python312\Lib\site-packages\starlette\_exception_handler.py", line 53, in wrapped_app
    raise exc
  File "C:\Users\Mushkan\AppData\Local\Programs\Python\Python312\Lib\site-packages\starlette\_exception_handler.py", line 42, in wrapped_app
    await app(scope, receive, sender)
  File "C:\Users\Mushkan\AppData\Local\Programs\Python\Python312\Lib\site-packages\fastapi\middleware\asyncexitstack.py", line 18, in __call__
    await self.app(scope, receive, send)
  File "C:\Users\Mushkan\AppData\Local\Programs\Python\Python312\Lib\site-packages\starlette\routing.py", line 660, in __call__
    await self.middleware_stack(scope, receive, send)
  File "C:\Users\Mushkan\AppData\Local\Programs\Python\Python312\Lib\site-packages\starlette\routing.py", line 680, in app
    await route.handle(scope, receive, send)
  File "C:\Users\Mushkan\AppData\Local\Programs\Python\Python312\Lib\site-packages\starlette\routing.py", line 276, in handle
    await self.app(scope, receive, send)
  File "C:\Users\Mushkan\AppData\Local\Programs\Python\Python312\Lib\site-packages\fastapi\routing.py", line 134, in app
    await wrap_app_handling_exceptions(app, request)(scope, receive, send)
  File "C:\Users\Mushkan\AppData\Local\Programs\Python\Python312\Lib\site-packages\starlette\_exception_handler.py", line 53, in wrapped_app
    raise exc
  File "C:\Users\Mushkan\AppData\Local\Programs\Python\Python312\Lib\site-packages\starlette\_exception_handler.py", line 42, in wrapped_app
    await app(scope, receive, sender)
  File "C:\Users\Mushkan\AppData\Local\Programs\Python\Python312\Lib\site-packages\fastapi\routing.py", line 120, in app
    response = await f(request)
               ^^^^^^^^^^^^^^^^
  File "C:\Users\Mushkan\AppData\Local\Programs\Python\Python312\Lib\site-packages\fastapi\routing.py", line 674, in app
    raw_response = await run_endpoint_function(
                   ^^^^^^^^^^^^^^^^^^^^^^^^^^^^
  File "C:\Users\Mushkan\AppData\Local\Programs\Python\Python312\Lib\site-packages\fastapi\routing.py", line 328, in run_endpoint_function
    return await dependant.call(**values)
           ^^^^^^^^^^^^^^^^^^^^^^^^^^^^^^
  File "C:\Users\Mushkan\Desktop\I-Prep\backend\app\routers\admin.py", line 502, in list_speaking_questions
    total_result = await db.execute(count_query)
                   ^^^^^^^^^^^^^^^^^^^^^^^^^^^^^
  File "C:\Users\Mushkan\AppData\Local\Programs\Python\Python312\Lib\site-packages\sqlalchemy\ext\asyncio\session.py", line 455, in execute
    result = await greenlet_spawn(
             ^^^^^^^^^^^^^^^^^^^^^
  File "C:\Users\Mushkan\AppData\Local\Programs\Python\Python312\Lib\site-packages\sqlalchemy\util\_concurrency_py3k.py", line 200, in greenlet_spawn
    result = context.throw(*sys.exc_info())
             ^^^^^^^^^^^^^^^^^^^^^^^^^^^^^^
  File "C:\Users\Mushkan\AppData\Local\Programs\Python\Python312\Lib\site-packages\sqlalchemy\orm\session.py", line 2308, in execute
    return self._execute_internal(
           ^^^^^^^^^^^^^^^^^^^^^^^
  File "C:\Users\Mushkan\AppData\Local\Programs\Python\Python312\Lib\site-packages\sqlalchemy\orm\session.py", line 2190, in _execute_internal
    result: Result[Any] = compile_state_cls.orm_execute_statement(
                          ^^^^^^^^^^^^^^^^^^^^^^^^^^^^^^^^^^^^^^^^
  File "C:\Users\Mushkan\AppData\Local\Programs\Python\Python312\Lib\site-packages\sqlalchemy\orm\context.py", line 293, in orm_execute_statement
    result = conn.execute(
             ^^^^^^^^^^^^^
  File "C:\Users\Mushkan\AppData\Local\Programs\Python\Python312\Lib\site-packages\sqlalchemy\engine\base.py", line 1416, in execute
    return meth(
           ^^^^^
  File "C:\Users\Mushkan\AppData\Local\Programs\Python\Python312\Lib\site-packages\sqlalchemy\sql\elements.py", line 517, in _execute_on_connection
    return connection._execute_clauseelement(
           ^^^^^^^^^^^^^^^^^^^^^^^^^^^^^^^^^^
  File "C:\Users\Mushkan\AppData\Local\Programs\Python\Python312\Lib\site-packages\sqlalchemy\engine\base.py", line 1639, in _execute_clauseelement
    ret = self._execute_context(
          ^^^^^^^^^^^^^^^^^^^^^^
  File "C:\Users\Mushkan\AppData\Local\Programs\Python\Python312\Lib\site-packages\sqlalchemy\engine\base.py", line 1848, in _execute_context
    return self._exec_single_context(
           ^^^^^^^^^^^^^^^^^^^^^^^^^^
  File "C:\Users\Mushkan\AppData\Local\Programs\Python\Python312\Lib\site-packages\sqlalchemy\engine\base.py", line 1988, in _exec_single_context
    self._handle_dbapi_exception(
  File "C:\Users\Mushkan\AppData\Local\Programs\Python\Python312\Lib\site-packages\sqlalchemy\engine\base.py", line 2344, in _handle_dbapi_exception
    raise sqlalchemy_exception.with_traceback(exc_info[2]) from e
  File "C:\Users\Mushkan\AppData\Local\Programs\Python\Python312\Lib\site-packages\sqlalchemy\engine\base.py", line 1969, in _exec_single_context
    self.dialect.do_execute(
  File "C:\Users\Mushkan\AppData\Local\Programs\Python\Python312\Lib\site-packages\sqlalchemy\engine\default.py", line 922, in do_execute
    cursor.execute(statement, parameters)
  File "C:\Users\Mushkan\AppData\Local\Programs\Python\Python312\Lib\site-packages\sqlalchemy\dialects\postgresql\asyncpg.py", line 580, in execute
    self._adapt_connection.await_(
  File "C:\Users\Mushkan\AppData\Local\Programs\Python\Python312\Lib\site-packages\sqlalchemy\util\_concurrency_py3k.py", line 130, in await_only
    return current.driver.switch(awaitable)  # type: ignore[no-any-return]
           ^^^^^^^^^^^^^^^^^^^^^^^^^^^^^^^^
  File "C:\Users\Mushkan\AppData\Local\Programs\Python\Python312\Lib\site-packages\sqlalchemy\util\_concurrency_py3k.py", line 195, in greenlet_spawn
    value = await result
            ^^^^^^^^^^^^
  File "C:\Users\Mushkan\AppData\Local\Programs\Python\Python312\Lib\site-packages\sqlalchemy\dialects\postgresql\asyncpg.py", line 558, in _prepare_and_execute
    self._handle_exception(error)
  File "C:\Users\Mushkan\AppData\Local\Programs\Python\Python312\Lib\site-packages\sqlalchemy\dialects\postgresql\asyncpg.py", line 509, in _handle_exception
    self._adapt_connection._handle_exception(error)
  File "C:\Users\Mushkan\AppData\Local\Programs\Python\Python312\Lib\site-packages\sqlalchemy\dialects\postgresql\asyncpg.py", line 797, in _handle_exception
    raise translated_error from error
sqlalchemy.exc.ProgrammingError: (sqlalchemy.dialects.postgresql.asyncpg.ProgrammingError) <class 'asyncpg.exceptions.UndefinedTableError'>: relation "speakingquestion" does not exist
[SQL: SELECT count(speakingquestion.id) AS count_1 
FROM speakingquestion]
(Background on this error at: https://sqlalche.me/e/20/f405)
2026-07-26 14:38:21,632 - sqlalchemy.engine.Engine - INFO - BEGIN (implicit)
2026-07-26 14:38:21,635 - sqlalchemy.engine.Engine - INFO - SELECT users.id, users.email, users.full_name, users.hashed_password, users.target_band, users.role, users.current_speaking_level, users.current_listening_level, users.created_at 
FROM users 
WHERE users.id = $1::INTEGER
2026-07-26 14:38:21,639 - sqlalchemy.engine.Engine - INFO - [cached since 8214s ago] (3,)
2026-07-26 14:38:21,649 - sqlalchemy.engine.Engine - INFO - SELECT count(listeningtest.id) AS count_1 
FROM listeningtest
2026-07-26 14:38:21,652 - sqlalchemy.engine.Engine - INFO - [generated in 0.00352s] ()
2026-07-26 14:38:21,656 - sqlalchemy.engine.Engine - INFO - ROLLBACK
ERROR:    Exception in ASGI application
Traceback (most recent call last):
  File "C:\Users\Mushkan\AppData\Local\Programs\Python\Python312\Lib\site-packages\sqlalchemy\dialects\postgresql\asyncpg.py", line 522, in _prepare_and_execute
    prepared_stmt, attributes = await adapt_connection._prepare(
                                ^^^^^^^^^^^^^^^^^^^^^^^^^^^^^^^^
  File "C:\Users\Mushkan\AppData\Local\Programs\Python\Python312\Lib\site-packages\sqlalchemy\dialects\postgresql\asyncpg.py", line 773, in _prepare
    prepared_stmt = await self._connection.prepare(
                    ^^^^^^^^^^^^^^^^^^^^^^^^^^^^^^^
  File "C:\Users\Mushkan\AppData\Local\Programs\Python\Python312\Lib\site-packages\asyncpg\connection.py", line 638, in prepare
    return await self._prepare(
           ^^^^^^^^^^^^^^^^^^^^
  File "C:\Users\Mushkan\AppData\Local\Programs\Python\Python312\Lib\site-packages\asyncpg\connection.py", line 657, in _prepare
    stmt = await self._get_statement(
           ^^^^^^^^^^^^^^^^^^^^^^^^^^
  File "C:\Users\Mushkan\AppData\Local\Programs\Python\Python312\Lib\site-packages\asyncpg\connection.py", line 443, in _get_statement
    statement = await self._protocol.prepare(
                ^^^^^^^^^^^^^^^^^^^^^^^^^^^^^
  File "asyncpg/protocol/protocol.pyx", line 165, in prepare
asyncpg.exceptions.UndefinedTableError: relation "listeningtest" does not exist

The above exception was the direct cause of the following exception:

Traceback (most recent call last):
  File "C:\Users\Mushkan\AppData\Local\Programs\Python\Python312\Lib\site-packages\sqlalchemy\engine\base.py", line 1969, in _exec_single_context
    self.dialect.do_execute(
  File "C:\Users\Mushkan\AppData\Local\Programs\Python\Python312\Lib\site-packages\sqlalchemy\engine\default.py", line 922, in do_execute
    cursor.execute(statement, parameters)
  File "C:\Users\Mushkan\AppData\Local\Programs\Python\Python312\Lib\site-packages\sqlalchemy\dialects\postgresql\asyncpg.py", line 580, in execute
    self._adapt_connection.await_(
  File "C:\Users\Mushkan\AppData\Local\Programs\Python\Python312\Lib\site-packages\sqlalchemy\util\_concurrency_py3k.py", line 130, in await_only
    return current.driver.switch(awaitable)  # type: ignore[no-any-return]
           ^^^^^^^^^^^^^^^^^^^^^^^^^^^^^^^^
  File "C:\Users\Mushkan\AppData\Local\Programs\Python\Python312\Lib\site-packages\sqlalchemy\util\_concurrency_py3k.py", line 195, in greenlet_spawn
    value = await result
            ^^^^^^^^^^^^
  File "C:\Users\Mushkan\AppData\Local\Programs\Python\Python312\Lib\site-packages\sqlalchemy\dialects\postgresql\asyncpg.py", line 558, in _prepare_and_execute
    self._handle_exception(error)
  File "C:\Users\Mushkan\AppData\Local\Programs\Python\Python312\Lib\site-packages\sqlalchemy\dialects\postgresql\asyncpg.py", line 509, in _handle_exception
    self._adapt_connection._handle_exception(error)
  File "C:\Users\Mushkan\AppData\Local\Programs\Python\Python312\Lib\site-packages\sqlalchemy\dialects\postgresql\asyncpg.py", line 797, in _handle_exception
    raise translated_error from error
sqlalchemy.dialects.postgresql.asyncpg.AsyncAdapt_asyncpg_dbapi.ProgrammingError: <class 'asyncpg.exceptions.UndefinedTableError'>: relation "listeningtest" does not exist

The above exception was the direct cause of the following exception:

Traceback (most recent call last):
  File "C:\Users\Mushkan\AppData\Local\Programs\Python\Python312\Lib\site-packages\uvicorn\protocols\http\httptools_impl.py", line 421, in run_asgi
    result = await app(  # type: ignore[func-returns-value]
             ^^^^^^^^^^^^^^^^^^^^^^^^^^^^^^^^^^^^^^^^^^^^^^
  File "C:\Users\Mushkan\AppData\Local\Programs\Python\Python312\Lib\site-packages\uvicorn\middleware\proxy_headers.py", line 56, in __call__
    return await self.app(scope, receive, send)
           ^^^^^^^^^^^^^^^^^^^^^^^^^^^^^^^^^^^^
  File "C:\Users\Mushkan\AppData\Local\Programs\Python\Python312\Lib\site-packages\fastapi\applications.py", line 1159, in __call__
    await super().__call__(scope, receive, send)
  File "C:\Users\Mushkan\AppData\Local\Programs\Python\Python312\Lib\site-packages\starlette\applications.py", line 90, in __call__
    await self.middleware_stack(scope, receive, send)
  File "C:\Users\Mushkan\AppData\Local\Programs\Python\Python312\Lib\site-packages\starlette\middleware\errors.py", line 186, in __call__
    raise exc
  File "C:\Users\Mushkan\AppData\Local\Programs\Python\Python312\Lib\site-packages\starlette\middleware\errors.py", line 164, in __call__
    await self.app(scope, receive, _send)
  File "C:\Users\Mushkan\AppData\Local\Programs\Python\Python312\Lib\site-packages\starlette\middleware\cors.py", line 96, in __call__
    await self.simple_response(scope, receive, send, request_headers=headers)
  File "C:\Users\Mushkan\AppData\Local\Programs\Python\Python312\Lib\site-packages\starlette\middleware\cors.py", line 154, in simple_response
    await self.app(scope, receive, send)
  File "C:\Users\Mushkan\AppData\Local\Programs\Python\Python312\Lib\site-packages\starlette\middleware\exceptions.py", line 63, in __call__
    await wrap_app_handling_exceptions(self.app, conn)(scope, receive, send)
  File "C:\Users\Mushkan\AppData\Local\Programs\Python\Python312\Lib\site-packages\starlette\_exception_handler.py", line 53, in wrapped_app
    raise exc
  File "C:\Users\Mushkan\AppData\Local\Programs\Python\Python312\Lib\site-packages\starlette\_exception_handler.py", line 42, in wrapped_app
    await app(scope, receive, sender)
  File "C:\Users\Mushkan\AppData\Local\Programs\Python\Python312\Lib\site-packages\fastapi\middleware\asyncexitstack.py", line 18, in __call__
    await self.app(scope, receive, send)
  File "C:\Users\Mushkan\AppData\Local\Programs\Python\Python312\Lib\site-packages\starlette\routing.py", line 660, in __call__
    await self.middleware_stack(scope, receive, send)
  File "C:\Users\Mushkan\AppData\Local\Programs\Python\Python312\Lib\site-packages\starlette\routing.py", line 680, in app
    await route.handle(scope, receive, send)
  File "C:\Users\Mushkan\AppData\Local\Programs\Python\Python312\Lib\site-packages\starlette\routing.py", line 276, in handle
    await self.app(scope, receive, send)
  File "C:\Users\Mushkan\AppData\Local\Programs\Python\Python312\Lib\site-packages\fastapi\routing.py", line 134, in app
    await wrap_app_handling_exceptions(app, request)(scope, receive, send)
  File "C:\Users\Mushkan\AppData\Local\Programs\Python\Python312\Lib\site-packages\starlette\_exception_handler.py", line 53, in wrapped_app
    raise exc
  File "C:\Users\Mushkan\AppData\Local\Programs\Python\Python312\Lib\site-packages\starlette\_exception_handler.py", line 42, in wrapped_app
    await app(scope, receive, sender)
  File "C:\Users\Mushkan\AppData\Local\Programs\Python\Python312\Lib\site-packages\fastapi\routing.py", line 120, in app
    response = await f(request)
               ^^^^^^^^^^^^^^^^
  File "C:\Users\Mushkan\AppData\Local\Programs\Python\Python312\Lib\site-packages\fastapi\routing.py", line 674, in app
    raw_response = await run_endpoint_function(
                   ^^^^^^^^^^^^^^^^^^^^^^^^^^^^
  File "C:\Users\Mushkan\AppData\Local\Programs\Python\Python312\Lib\site-packages\fastapi\routing.py", line 328, in run_endpoint_function
    return await dependant.call(**values)
           ^^^^^^^^^^^^^^^^^^^^^^^^^^^^^^
  File "C:\Users\Mushkan\Desktop\I-Prep\backend\app\routers\admin.py", line 590, in list_listening_tests
    total_result = await db.execute(count_query)
                   ^^^^^^^^^^^^^^^^^^^^^^^^^^^^^
  File "C:\Users\Mushkan\AppData\Local\Programs\Python\Python312\Lib\site-packages\sqlalchemy\ext\asyncio\session.py", line 455, in execute
    result = await greenlet_spawn(
             ^^^^^^^^^^^^^^^^^^^^^
  File "C:\Users\Mushkan\AppData\Local\Programs\Python\Python312\Lib\site-packages\sqlalchemy\util\_concurrency_py3k.py", line 200, in greenlet_spawn
    result = context.throw(*sys.exc_info())
             ^^^^^^^^^^^^^^^^^^^^^^^^^^^^^^
  File "C:\Users\Mushkan\AppData\Local\Programs\Python\Python312\Lib\site-packages\sqlalchemy\orm\session.py", line 2308, in execute
    return self._execute_internal(
           ^^^^^^^^^^^^^^^^^^^^^^^
  File "C:\Users\Mushkan\AppData\Local\Programs\Python\Python312\Lib\site-packages\sqlalchemy\orm\session.py", line 2190, in _execute_internal
    result: Result[Any] = compile_state_cls.orm_execute_statement(
                          ^^^^^^^^^^^^^^^^^^^^^^^^^^^^^^^^^^^^^^^^
  File "C:\Users\Mushkan\AppData\Local\Programs\Python\Python312\Lib\site-packages\sqlalchemy\orm\context.py", line 293, in orm_execute_statement
    result = conn.execute(
             ^^^^^^^^^^^^^
  File "C:\Users\Mushkan\AppData\Local\Programs\Python\Python312\Lib\site-packages\sqlalchemy\engine\base.py", line 1416, in execute
    return meth(
           ^^^^^
  File "C:\Users\Mushkan\AppData\Local\Programs\Python\Python312\Lib\site-packages\sqlalchemy\sql\elements.py", line 517, in _execute_on_connection
    return connection._execute_clauseelement(
           ^^^^^^^^^^^^^^^^^^^^^^^^^^^^^^^^^^
  File "C:\Users\Mushkan\AppData\Local\Programs\Python\Python312\Lib\site-packages\sqlalchemy\engine\base.py", line 1639, in _execute_clauseelement
    ret = self._execute_context(
          ^^^^^^^^^^^^^^^^^^^^^^
  File "C:\Users\Mushkan\AppData\Local\Programs\Python\Python312\Lib\site-packages\sqlalchemy\engine\base.py", line 1848, in _execute_context
    return self._exec_single_context(
           ^^^^^^^^^^^^^^^^^^^^^^^^^^
  File "C:\Users\Mushkan\AppData\Local\Programs\Python\Python312\Lib\site-packages\sqlalchemy\engine\base.py", line 1988, in _exec_single_context
    self._handle_dbapi_exception(
  File "C:\Users\Mushkan\AppData\Local\Programs\Python\Python312\Lib\site-packages\sqlalchemy\engine\base.py", line 2344, in _handle_dbapi_exception
    raise sqlalchemy_exception.with_traceback(exc_info[2]) from e
  File "C:\Users\Mushkan\AppData\Local\Programs\Python\Python312\Lib\site-packages\sqlalchemy\engine\base.py", line 1969, in _exec_single_context
    self.dialect.do_execute(
  File "C:\Users\Mushkan\AppData\Local\Programs\Python\Python312\Lib\site-packages\sqlalchemy\engine\default.py", line 922, in do_execute
    cursor.execute(statement, parameters)
  File "C:\Users\Mushkan\AppData\Local\Programs\Python\Python312\Lib\site-packages\sqlalchemy\dialects\postgresql\asyncpg.py", line 580, in execute
    self._adapt_connection.await_(
  File "C:\Users\Mushkan\AppData\Local\Programs\Python\Python312\Lib\site-packages\sqlalchemy\util\_concurrency_py3k.py", line 130, in await_only
    return current.driver.switch(awaitable)  # type: ignore[no-any-return]
           ^^^^^^^^^^^^^^^^^^^^^^^^^^^^^^^^
  File "C:\Users\Mushkan\AppData\Local\Programs\Python\Python312\Lib\site-packages\sqlalchemy\util\_concurrency_py3k.py", line 195, in greenlet_spawn
    value = await result
            ^^^^^^^^^^^^
  File "C:\Users\Mushkan\AppData\Local\Programs\Python\Python312\Lib\site-packages\sqlalchemy\dialects\postgresql\asyncpg.py", line 558, in _prepare_and_execute
    self._handle_exception(error)
  File "C:\Users\Mushkan\AppData\Local\Programs\Python\Python312\Lib\site-packages\sqlalchemy\dialects\postgresql\asyncpg.py", line 509, in _handle_exception
    self._adapt_connection._handle_exception(error)
  File "C:\Users\Mushkan\AppData\Local\Programs\Python\Python312\Lib\site-packages\sqlalchemy\dialects\postgresql\asyncpg.py", line 797, in _handle_exception
    raise translated_error from error
sqlalchemy.exc.ProgrammingError: (sqlalchemy.dialects.postgresql.asyncpg.ProgrammingError) <class 'asyncpg.exceptions.UndefinedTableError'>: relation "listeningtest" does not exist
[SQL: SELECT count(listeningtest.id) AS count_1 
FROM listeningtest]
(Background on this error at: https://sqlalche.me/e/20/f405)
2026-07-26 14:38:25,814 - sqlalchemy.engine.Engine - INFO - BEGIN (implicit)
2026-07-26 14:38:25,814 - sqlalchemy.engine.Engine - INFO - SELECT users.id, users.email, users.full_name, users.hashed_password, users.target_band, users.role, users.current_speaking_level, users.current_listening_level, users.created_at 
FROM users 
WHERE users.id = $1::INTEGER
2026-07-26 14:38:25,820 - sqlalchemy.engine.Engine - INFO - [cached since 8218s ago] (3,)
2026-07-26 14:38:25,827 - sqlalchemy.engine.Engine - INFO - BEGIN (implicit)
2026-07-26 14:38:25,829 - sqlalchemy.engine.Engine - INFO - SELECT users.id, users.email, users.full_name, users.hashed_password, users.target_band, users.role, users.current_speaking_level, users.current_listening_level, users.created_at 
FROM users 
WHERE users.id = $1::INTEGER
2026-07-26 14:38:25,830 - sqlalchemy.engine.Engine - INFO - [cached since 8218s ago] (3,)
2026-07-26 14:38:25,834 - sqlalchemy.engine.Engine - INFO - SELECT count(users.id) AS count_1 
FROM users 
WHERE users.role = $1::VARCHAR
2026-07-26 14:38:25,838 - sqlalchemy.engine.Engine - INFO - [cached since 8218s ago] ('student',)
2026-07-26 14:38:25,840 - sqlalchemy.engine.Engine - INFO - SELECT date(users.created_at) AS date, count(users.id) AS count 
FROM users 
WHERE users.created_at >= $1::TIMESTAMP WITH TIME ZONE GROUP BY date(users.created_at) ORDER BY date(users.created_at)
2026-07-26 14:38:25,845 - sqlalchemy.engine.Engine - INFO - [cached since 8218s ago] (datetime.datetime(2026, 6, 26, 8, 53, 25, 840490),)
2026-07-26 14:38:25,850 - sqlalchemy.engine.Engine - INFO - SELECT count(users.id) AS count_1 
FROM users
2026-07-26 14:38:25,853 - sqlalchemy.engine.Engine - INFO - [cached since 8218s ago] ()
2026-07-26 14:38:25,858 - sqlalchemy.engine.Engine - INFO - SELECT date(reading_attempts.created_at) AS date, count(reading_attempts.id) AS count 
FROM reading_attempts 
WHERE reading_attempts.created_at >= $1::TIMESTAMP WITH TIME ZONE GROUP BY date(reading_attempts.created_at) ORDER BY date(reading_attempts.created_at)
2026-07-26 14:38:25,860 - sqlalchemy.engine.Engine - INFO - [cached since 8218s ago] (datetime.datetime(2026, 6, 26, 8, 53, 25, 840490),)
2026-07-26 14:38:25,864 - sqlalchemy.engine.Engine - INFO - SELECT count(study_resources.id) AS count_1 
FROM study_resources
2026-07-26 14:38:25,864 - sqlalchemy.engine.Engine - INFO - [cached since 8218s ago] ()
2026-07-26 14:38:25,876 - sqlalchemy.engine.Engine - INFO - SELECT reading_passages.difficulty, avg((reading_attempts.score * $1::FLOAT) / CAST(reading_attempts.total_questions AS NUMERIC)) AS avg_1 
FROM reading_attempts JOIN reading_passages ON reading_attempts.passage_id = reading_passages.id 
WHERE reading_attempts.score IS NOT NULL GROUP BY reading_passages.difficulty
2026-07-26 14:38:25,877 - sqlalchemy.engine.Engine - INFO - [cached since 8218s ago] (100.0,)
2026-07-26 14:38:25,882 - sqlalchemy.engine.Engine - INFO - SELECT count(reading_passages.id) AS count_1 
FROM reading_passages
2026-07-26 14:38:25,884 - sqlalchemy.engine.Engine - INFO - [cached since 8218s ago] ()
2026-07-26 14:38:25,894 - sqlalchemy.engine.Engine - INFO - ROLLBACK
2026-07-26 14:38:25,901 - sqlalchemy.engine.Engine - INFO - SELECT count(reading_questions.id) AS count_1 
FROM reading_questions
2026-07-26 14:38:25,902 - sqlalchemy.engine.Engine - INFO - [cached since 8218s ago] ()
2026-07-26 14:38:25,910 - sqlalchemy.engine.Engine - INFO - BEGIN (implicit)
2026-07-26 14:38:25,914 - sqlalchemy.engine.Engine - INFO - SELECT users.id, users.email, users.full_name, users.hashed_password, users.target_band, users.role, users.current_speaking_level, users.current_listening_level, users.created_at 
FROM users 
WHERE users.id = $1::INTEGER
2026-07-26 14:38:25,918 - sqlalchemy.engine.Engine - INFO - [cached since 8218s ago] (3,)
2026-07-26 14:38:25,923 - sqlalchemy.engine.Engine - INFO - SELECT count(reading_attempts.id) AS count_1 
FROM reading_attempts
2026-07-26 14:38:25,923 - sqlalchemy.engine.Engine - INFO - [cached since 8218s ago] ()
2026-07-26 14:38:25,933 - sqlalchemy.engine.Engine - INFO - SELECT avg((reading_attempts.score * $1::FLOAT) / CAST(reading_attempts.total_questions AS NUMERIC)) AS avg_1 
FROM reading_attempts 
WHERE reading_attempts.score IS NOT NULL
2026-07-26 14:38:25,940 - sqlalchemy.engine.Engine - INFO - [cached since 8218s ago] (100.0,)
2026-07-26 14:38:25,944 - sqlalchemy.engine.Engine - INFO - SELECT date(users.created_at) AS date, count(users.id) AS count 
FROM users 
WHERE users.created_at >= $1::TIMESTAMP WITH TIME ZONE GROUP BY date(users.created_at) ORDER BY date(users.created_at)
2026-07-26 14:38:25,947 - sqlalchemy.engine.Engine - INFO - [cached since 8218s ago] (datetime.datetime(2026, 6, 26, 8, 53, 25, 944614),)
2026-07-26 14:38:25,950 - sqlalchemy.engine.Engine - INFO - SELECT users.id, users.email, users.full_name, users.hashed_password, users.target_band, users.role, users.current_speaking_level, users.current_listening_level, users.created_at 
FROM users ORDER BY users.created_at DESC 
 LIMIT $1::INTEGER
2026-07-26 14:38:25,952 - sqlalchemy.engine.Engine - INFO - [cached since 8218s ago] (5,)
2026-07-26 14:38:25,958 - sqlalchemy.engine.Engine - INFO - SELECT date(reading_attempts.created_at) AS date, count(reading_attempts.id) AS count 
FROM reading_attempts 
WHERE reading_attempts.created_at >= $1::TIMESTAMP WITH TIME ZONE GROUP BY date(reading_attempts.created_at) ORDER BY date(reading_attempts.created_at)
2026-07-26 14:38:25,960 - sqlalchemy.engine.Engine - INFO - [cached since 8218s ago] (datetime.datetime(2026, 6, 26, 8, 53, 25, 944614),)
2026-07-26 14:38:25,967 - sqlalchemy.engine.Engine - INFO - SELECT users.role, count(users.id) AS count_1 
FROM users GROUP BY users.role
2026-07-26 14:38:25,968 - sqlalchemy.engine.Engine - INFO - [cached since 8218s ago] ()
2026-07-26 14:38:25,972 - sqlalchemy.engine.Engine - INFO - SELECT reading_passages.difficulty, avg((reading_attempts.score * $1::FLOAT) / CAST(reading_attempts.total_questions AS NUMERIC)) AS avg_1 
FROM reading_attempts JOIN reading_passages ON reading_attempts.passage_id = reading_passages.id 
WHERE reading_attempts.score IS NOT NULL GROUP BY reading_passages.difficulty
2026-07-26 14:38:25,975 - sqlalchemy.engine.Engine - INFO - [cached since 8218s ago] (100.0,)
2026-07-26 14:38:25,980 - sqlalchemy.engine.Engine - INFO - ROLLBACK
2026-07-26 14:38:25,980 - sqlalchemy.engine.Engine - INFO - ROLLBACK
2026-07-26 14:38:25,986 - sqlalchemy.engine.Engine - INFO - BEGIN (implicit)
2026-07-26 14:38:25,989 - sqlalchemy.engine.Engine - INFO - SELECT users.id, users.email, users.full_name, users.hashed_password, users.target_band, users.role, users.current_speaking_level, users.current_listening_level, users.created_at 
FROM users 
WHERE users.id = $1::INTEGER
2026-07-26 14:38:25,990 - sqlalchemy.engine.Engine - INFO - [cached since 8218s ago] (3,)
2026-07-26 14:38:25,993 - sqlalchemy.engine.Engine - INFO - SELECT count(users.id) AS count_1 
FROM users 
WHERE users.role = $1::VARCHAR
2026-07-26 14:38:25,994 - sqlalchemy.engine.Engine - INFO - [cached since 8218s ago] ('student',)
2026-07-26 14:38:25,997 - sqlalchemy.engine.Engine - INFO - SELECT count(users.id) AS count_1 
FROM users
2026-07-26 14:38:25,997 - sqlalchemy.engine.Engine - INFO - [cached since 8218s ago] ()
2026-07-26 14:38:26,000 - sqlalchemy.engine.Engine - INFO - SELECT count(study_resources.id) AS count_1 
FROM study_resources
2026-07-26 14:38:26,002 - sqlalchemy.engine.Engine - INFO - [cached since 8218s ago] ()
2026-07-26 14:38:26,005 - sqlalchemy.engine.Engine - INFO - SELECT count(reading_passages.id) AS count_1 
FROM reading_passages
2026-07-26 14:38:26,007 - sqlalchemy.engine.Engine - INFO - [cached since 8218s ago] ()
2026-07-26 14:38:26,008 - sqlalchemy.engine.Engine - INFO - SELECT count(reading_questions.id) AS count_1 
FROM reading_questions
2026-07-26 14:38:26,011 - sqlalchemy.engine.Engine - INFO - [cached since 8218s ago] ()
2026-07-26 14:38:26,014 - sqlalchemy.engine.Engine - INFO - SELECT count(reading_attempts.id) AS count_1 
FROM reading_attempts
2026-07-26 14:38:26,015 - sqlalchemy.engine.Engine - INFO - [cached since 8218s ago] ()
2026-07-26 14:38:26,019 - sqlalchemy.engine.Engine - INFO - SELECT avg((reading_attempts.score * $1::FLOAT) / CAST(reading_attempts.total_questions AS NUMERIC)) AS avg_1 
FROM reading_attempts 
WHERE reading_attempts.score IS NOT NULL
2026-07-26 14:38:26,021 - sqlalchemy.engine.Engine - INFO - [cached since 8218s ago] (100.0,)
2026-07-26 14:38:26,024 - sqlalchemy.engine.Engine - INFO - SELECT users.id, users.email, users.full_name, users.hashed_password, users.target_band, users.role, users.current_speaking_level, users.current_listening_level, users.created_at 
FROM users ORDER BY users.created_at DESC 
 LIMIT $1::INTEGER
2026-07-26 14:38:26,026 - sqlalchemy.engine.Engine - INFO - [cached since 8218s ago] (5,)
2026-07-26 14:38:26,030 - sqlalchemy.engine.Engine - INFO - SELECT users.role, count(users.id) AS count_1 
FROM users GROUP BY users.role
2026-07-26 14:38:26,031 - sqlalchemy.engine.Engine - INFO - [cached since 8218s ago] ()
2026-07-26 14:38:26,034 - sqlalchemy.engine.Engine - INFO - ROLLBACK
2026-07-26 14:38:26,895 - sqlalchemy.engine.Engine - INFO - BEGIN (implicit)
2026-07-26 14:38:26,896 - sqlalchemy.engine.Engine - INFO - SELECT users.id, users.email, users.full_name, users.hashed_password, users.target_band, users.role, users.current_speaking_level, users.current_listening_level, users.created_at 
FROM users 
WHERE users.id = $1::INTEGER
2026-07-26 14:38:26,896 - sqlalchemy.engine.Engine - INFO - [cached since 8219s ago] (3,)
2026-07-26 14:38:26,900 - sqlalchemy.engine.Engine - INFO - SELECT count(users.id) AS count_1 
FROM users
2026-07-26 14:38:26,900 - sqlalchemy.engine.Engine - INFO - [cached since 8219s ago] ()
2026-07-26 14:38:26,906 - sqlalchemy.engine.Engine - INFO - SELECT users.id, users.email, users.full_name, users.hashed_password, users.target_band, users.role, users.current_speaking_level, users.current_listening_level, users.created_at 
FROM users ORDER BY users.created_at DESC 
 LIMIT $1::INTEGER OFFSET $2::INTEGER
2026-07-26 14:38:26,912 - sqlalchemy.engine.Engine - INFO - [cached since 8204s ago] (10, 0)
2026-07-26 14:38:26,915 - sqlalchemy.engine.Engine - INFO - ROLLBACK
2026-07-26 14:38:26,922 - sqlalchemy.engine.Engine - INFO - BEGIN (implicit)
2026-07-26 14:38:26,923 - sqlalchemy.engine.Engine - INFO - SELECT users.id, users.email, users.full_name, users.hashed_password, users.target_band, users.role, users.current_speaking_level, users.current_listening_level, users.created_at 
FROM users 
WHERE users.id = $1::INTEGER
2026-07-26 14:38:26,923 - sqlalchemy.engine.Engine - INFO - [cached since 8219s ago] (3,)
2026-07-26 14:38:26,930 - sqlalchemy.engine.Engine - INFO - SELECT count(users.id) AS count_1 
FROM users
2026-07-26 14:38:26,930 - sqlalchemy.engine.Engine - INFO - [cached since 8219s ago] ()
2026-07-26 14:38:26,934 - sqlalchemy.engine.Engine - INFO - SELECT users.id, users.email, users.full_name, users.hashed_password, users.target_band, users.role, users.current_speaking_level, users.current_listening_level, users.created_at 
FROM users ORDER BY users.created_at DESC 
 LIMIT $1::INTEGER OFFSET $2::INTEGER
2026-07-26 14:38:26,938 - sqlalchemy.engine.Engine - INFO - [cached since 8204s ago] (10, 0)
2026-07-26 14:38:26,940 - sqlalchemy.engine.Engine - INFO - ROLLBACK
2026-07-26 14:38:28,016 - sqlalchemy.engine.Engine - INFO - BEGIN (implicit)
2026-07-26 14:38:28,023 - sqlalchemy.engine.Engine - INFO - SELECT users.id, users.email, users.full_name, users.hashed_password, users.target_band, users.role, users.current_speaking_level, users.current_listening_level, users.created_at 
FROM users 
WHERE users.id = $1::INTEGER
2026-07-26 14:38:28,024 - sqlalchemy.engine.Engine - INFO - [cached since 8220s ago] (3,)
2026-07-26 14:38:28,030 - sqlalchemy.engine.Engine - INFO - BEGIN (implicit)
2026-07-26 14:38:28,032 - sqlalchemy.engine.Engine - INFO - SELECT users.id, users.email, users.full_name, users.hashed_password, users.target_band, users.role, users.current_speaking_level, users.current_listening_level, users.created_at 
FROM users 
WHERE users.id = $1::INTEGER
2026-07-26 14:38:28,034 - sqlalchemy.engine.Engine - INFO - [cached since 8220s ago] (3,)
2026-07-26 14:38:28,040 - sqlalchemy.engine.Engine - INFO - SELECT count(users.id) AS count_1 
FROM users 
WHERE users.role = $1::VARCHAR
2026-07-26 14:38:28,045 - sqlalchemy.engine.Engine - INFO - [cached since 8220s ago] ('student',)
2026-07-26 14:38:28,048 - sqlalchemy.engine.Engine - INFO - SELECT date(users.created_at) AS date, count(users.id) AS count 
FROM users 
WHERE users.created_at >= $1::TIMESTAMP WITH TIME ZONE GROUP BY date(users.created_at) ORDER BY date(users.created_at)
2026-07-26 14:38:28,050 - sqlalchemy.engine.Engine - INFO - [cached since 8220s ago] (datetime.datetime(2026, 6, 26, 8, 53, 28, 48712),)
2026-07-26 14:38:28,055 - sqlalchemy.engine.Engine - INFO - SELECT count(users.id) AS count_1 
FROM users
2026-07-26 14:38:28,057 - sqlalchemy.engine.Engine - INFO - [cached since 8220s ago] ()
2026-07-26 14:38:28,062 - sqlalchemy.engine.Engine - INFO - SELECT date(reading_attempts.created_at) AS date, count(reading_attempts.id) AS count 
FROM reading_attempts 
WHERE reading_attempts.created_at >= $1::TIMESTAMP WITH TIME ZONE GROUP BY date(reading_attempts.created_at) ORDER BY date(reading_attempts.created_at)
2026-07-26 14:38:28,065 - sqlalchemy.engine.Engine - INFO - [cached since 8220s ago] (datetime.datetime(2026, 6, 26, 8, 53, 28, 48712),)
2026-07-26 14:38:28,071 - sqlalchemy.engine.Engine - INFO - SELECT count(study_resources.id) AS count_1 
FROM study_resources
2026-07-26 14:38:28,074 - sqlalchemy.engine.Engine - INFO - [cached since 8220s ago] ()
2026-07-26 14:38:28,080 - sqlalchemy.engine.Engine - INFO - SELECT reading_passages.difficulty, avg((reading_attempts.score * $1::FLOAT) / CAST(reading_attempts.total_questions AS NUMERIC)) AS avg_1 
FROM reading_attempts JOIN reading_passages ON reading_attempts.passage_id = reading_passages.id 
WHERE reading_attempts.score IS NOT NULL GROUP BY reading_passages.difficulty
2026-07-26 14:38:28,089 - sqlalchemy.engine.Engine - INFO - [cached since 8220s ago] (100.0,)
2026-07-26 14:38:28,095 - sqlalchemy.engine.Engine - INFO - SELECT count(reading_passages.id) AS count_1 
FROM reading_passages
2026-07-26 14:38:28,098 - sqlalchemy.engine.Engine - INFO - [cached since 8220s ago] ()
2026-07-26 14:38:28,105 - sqlalchemy.engine.Engine - INFO - ROLLBACK
2026-07-26 14:38:28,110 - sqlalchemy.engine.Engine - INFO - SELECT count(reading_questions.id) AS count_1 
FROM reading_questions
2026-07-26 14:38:28,115 - sqlalchemy.engine.Engine - INFO - [cached since 8220s ago] ()
2026-07-26 14:38:28,115 - sqlalchemy.engine.Engine - INFO - BEGIN (implicit)
2026-07-26 14:38:28,120 - sqlalchemy.engine.Engine - INFO - SELECT users.id, users.email, users.full_name, users.hashed_password, users.target_band, users.role, users.current_speaking_level, users.current_listening_level, users.created_at 
FROM users 
WHERE users.id = $1::INTEGER
2026-07-26 14:38:28,120 - sqlalchemy.engine.Engine - INFO - [cached since 8220s ago] (3,)
2026-07-26 14:38:28,125 - sqlalchemy.engine.Engine - INFO - SELECT count(reading_attempts.id) AS count_1 
FROM reading_attempts
2026-07-26 14:38:28,125 - sqlalchemy.engine.Engine - INFO - [cached since 8220s ago] ()
2026-07-26 14:38:28,135 - sqlalchemy.engine.Engine - INFO - SELECT avg((reading_attempts.score * $1::FLOAT) / CAST(reading_attempts.total_questions AS NUMERIC)) AS avg_1 
FROM reading_attempts 
WHERE reading_attempts.score IS NOT NULL
2026-07-26 14:38:28,136 - sqlalchemy.engine.Engine - INFO - [cached since 8220s ago] (100.0,)
2026-07-26 14:38:28,142 - sqlalchemy.engine.Engine - INFO - SELECT date(users.created_at) AS date, count(users.id) AS count 
FROM users 
WHERE users.created_at >= $1::TIMESTAMP WITH TIME ZONE GROUP BY date(users.created_at) ORDER BY date(users.created_at)
2026-07-26 14:38:28,144 - sqlalchemy.engine.Engine - INFO - [cached since 8220s ago] (datetime.datetime(2026, 6, 26, 8, 53, 28, 140397),)
2026-07-26 14:38:28,148 - sqlalchemy.engine.Engine - INFO - SELECT users.id, users.email, users.full_name, users.hashed_password, users.target_band, users.role, users.current_speaking_level, users.current_listening_level, users.created_at 
FROM users ORDER BY users.created_at DESC 
 LIMIT $1::INTEGER
2026-07-26 14:38:28,150 - sqlalchemy.engine.Engine - INFO - [cached since 8220s ago] (5,)
2026-07-26 14:38:28,154 - sqlalchemy.engine.Engine - INFO - SELECT date(reading_attempts.created_at) AS date, count(reading_attempts.id) AS count 
FROM reading_attempts 
WHERE reading_attempts.created_at >= $1::TIMESTAMP WITH TIME ZONE GROUP BY date(reading_attempts.created_at) ORDER BY date(reading_attempts.created_at)
2026-07-26 14:38:28,154 - sqlalchemy.engine.Engine - INFO - [cached since 8220s ago] (datetime.datetime(2026, 6, 26, 8, 53, 28, 140397),)
2026-07-26 14:38:28,160 - sqlalchemy.engine.Engine - INFO - SELECT users.role, count(users.id) AS count_1 
FROM users GROUP BY users.role
2026-07-26 14:38:28,160 - sqlalchemy.engine.Engine - INFO - [cached since 8220s ago] ()
2026-07-26 14:38:28,160 - sqlalchemy.engine.Engine - INFO - SELECT reading_passages.difficulty, avg((reading_attempts.score * $1::FLOAT) / CAST(reading_attempts.total_questions AS NUMERIC)) AS avg_1 
FROM reading_attempts JOIN reading_passages ON reading_attempts.passage_id = reading_passages.id 
WHERE reading_attempts.score IS NOT NULL GROUP BY reading_passages.difficulty
2026-07-26 14:38:28,168 - sqlalchemy.engine.Engine - INFO - [cached since 8220s ago] (100.0,)
2026-07-26 14:38:28,176 - sqlalchemy.engine.Engine - INFO - ROLLBACK
2026-07-26 14:38:28,182 - sqlalchemy.engine.Engine - INFO - ROLLBACK
2026-07-26 14:38:28,186 - sqlalchemy.engine.Engine - INFO - BEGIN (implicit)
2026-07-26 14:38:28,186 - sqlalchemy.engine.Engine - INFO - SELECT users.id, users.email, users.full_name, users.hashed_password, users.target_band, users.role, users.current_speaking_level, users.current_listening_level, users.created_at 
FROM users 
WHERE users.id = $1::INTEGER
2026-07-26 14:38:28,188 - sqlalchemy.engine.Engine - INFO - [cached since 8220s ago] (3,)
2026-07-26 14:38:28,194 - sqlalchemy.engine.Engine - INFO - SELECT count(users.id) AS count_1 
FROM users 
WHERE users.role = $1::VARCHAR
2026-07-26 14:38:28,197 - sqlalchemy.engine.Engine - INFO - [cached since 8220s ago] ('student',)
2026-07-26 14:38:28,201 - sqlalchemy.engine.Engine - INFO - SELECT count(users.id) AS count_1 
FROM users
2026-07-26 14:38:28,203 - sqlalchemy.engine.Engine - INFO - [cached since 8220s ago] ()
2026-07-26 14:38:28,207 - sqlalchemy.engine.Engine - INFO - SELECT count(study_resources.id) AS count_1 
FROM study_resources
2026-07-26 14:38:28,209 - sqlalchemy.engine.Engine - INFO - [cached since 8220s ago] ()
2026-07-26 14:38:28,211 - sqlalchemy.engine.Engine - INFO - SELECT count(reading_passages.id) AS count_1 
FROM reading_passages
2026-07-26 14:38:28,214 - sqlalchemy.engine.Engine - INFO - [cached since 8220s ago] ()
2026-07-26 14:38:28,218 - sqlalchemy.engine.Engine - INFO - SELECT count(reading_questions.id) AS count_1 
FROM reading_questions
2026-07-26 14:38:28,219 - sqlalchemy.engine.Engine - INFO - [cached since 8220s ago] ()
2026-07-26 14:38:28,222 - sqlalchemy.engine.Engine - INFO - SELECT count(reading_attempts.id) AS count_1 
FROM reading_attempts
2026-07-26 14:38:28,223 - sqlalchemy.engine.Engine - INFO - [cached since 8220s ago] ()
2026-07-26 14:38:28,225 - sqlalchemy.engine.Engine - INFO - SELECT avg((reading_attempts.score * $1::FLOAT) / CAST(reading_attempts.total_questions AS NUMERIC)) AS avg_1 
FROM reading_attempts 
WHERE reading_attempts.score IS NOT NULL
2026-07-26 14:38:28,226 - sqlalchemy.engine.Engine - INFO - [cached since 8220s ago] (100.0,)
2026-07-26 14:38:28,229 - sqlalchemy.engine.Engine - INFO - SELECT users.id, users.email, users.full_name, users.hashed_password, users.target_band, users.role, users.current_speaking_level, users.current_listening_level, users.created_at 
FROM users ORDER BY users.created_at DESC 
 LIMIT $1::INTEGER
2026-07-26 14:38:28,231 - sqlalchemy.engine.Engine - INFO - [cached since 8220s ago] (5,)
2026-07-26 14:38:28,233 - sqlalchemy.engine.Engine - INFO - SELECT users.role, count(users.id) AS count_1 
FROM users GROUP BY users.role
2026-07-26 14:38:28,234 - sqlalchemy.engine.Engine - INFO - [cached since 8220s ago] ()
2026-07-26 14:38:28,240 - sqlalchemy.engine.Engine - INFO - ROLLBACK
